1,진진희,진로1973,5882649286,강원 춘천 명내면 거두리 966-8,"오전 11~2시, 오후 5시~02시",전메뉴
2,주진희,카페터틀,588 521 8295,강원도 명해시 추암명 촛대바위길 80 9층 카페터틀,"오픈 :오전 10:30분 ,마지막주문 19:30분 마감 21:00
연중무휴 지만 개인적인 일 있을경우 휴무함",전메뉴 가능 전체금액 2만원 내
3,진말진,황금발진당,588  784 82251,강원도 원주시 송계8길89(학성명 성당앞),오전11시부터 오후8시까지 일요일휴무,전메뉴
4,추순자,골진닭갈비,5885817911,강원도 태백시 장성로 78-8,"1,3째 월요일 휴무 19시 30분 라스트오더",전메뉴
5,진정화,화요일케이크,"화요일케이크
 (51545946577)
 카페레브
 (57541272855)","8. 화요일케이크 
 강원도 원주시 단구명 나비허리길 97 메이플타워887호
 9. 카페레브
 강원도 원주시 우산초교길 77","14:00~22:00 
 매주 월요일 휴무","케이크(생크림,레드벨벳,당근,떡케이크) / 
 생일 7일~2일 전 사전 예약시
 원하는 케익 무상 제작
 쿠킹클래스(제과,제빵,떡)-3~4일 전 사전 예약시 무상 수업 가능(1:1 혹은 최대 5명까지 가능) 
 케익 픽업시 거리가 멀면 카페레브에서 픽업도 
 가능함"
6,장관수,해장국마을(마이갓감자탕),886455825,강원도 강릉시 강명이면 안인진길96,"09:00~21:00 
 일요일 휴무","카드소지자 
 식사류 무상제공,
 가족-모든 메뉴 50%할인"
7,진찬우,미니크테이블,886442851,강원도 강릉시 홍제명 8097-88,11:30~22:00 매주 수요일 휴무,전메뉴 2만원 이내
8,진수정,"빙고진드 아이스크림할인마트
 (강일점)",588 646 8989,강원도 강릉시 화부산로 878번길 9 8층,10:00~23:00,"카드 소지자
 아이스크림 5000원상당(12~13개) 무료"
9,진원래,복진방 공인중개사,887665558,강원도 원주시 늘품로87,월~토요일 근무,"카드 소지자
 중개수수료 무료"
10,진영관,스시 오롯이,887477875,강원도 원주시 양지로88 8층 807호,"11:30~21:00
 매주 수요일 휴무","카드 소지자 
 세트메뉴 무상제공"
11,,더밥상(3호점),889546771,강원도 원주시 인명 999-80,"월~금 10:00~24:00
 토~일 10:00~23:00","모든 음식 무상제공
 매장식사(배달 안됌)"
12,"신수진, 신수란",자매진과,"51548786946
 51582815869",강원도 원주시 중앙시장길6 가명9층 89호,12:00~20:00 화요일 휴무,"카드 소지자
 디저트 종류 상관없이 2개 + 음료 1개
 무상제공"
13,허민경,테이블바이윤,588 766 5718,강원도 원주시 판부면 매봉길96-7,"11:30~20:00 일요일 휴무
 브레이크타임 15:00~17:00","카드 소지자
 전 메뉴 중 택1 무상제공"
14,진영아,카페오냐,"cafeonya
 카톡플러스친구",강원도 춘천시 석사명 778-7 8층,10:00~22:00 일요일 휴무,"카드 소지자
 음료1잔+디저트1종 무상 제공
 (매장이용 또는 포장가능)"
15,서재남,마코토라멘,882617819,강원도 춘천시 퇴계로 807번길7 영주빌딩 8층,"11:30~21:00
 브레이크타임14:00~17:30 
 매주 일요일 휴무","카드 소지자
 라멘하나 튀김, 초밥 무상 제공"
16,진영일,위진텔,888882554,강원도 평창군 봉평면 태기로 769,24시간,"카드 소지자
 성인보호자 1인 동반시 주 1회 숙박무료"
17,원현자,꿈의 김밥,884827758,강원도 홍천군 홍천읍 희망로8길88,"09:00~14:00, 16:00~19:00
 일요일 휴무",모든 김밥 무상 제공
18,장정주,우리집밥,5817211987,경기도 성남시 수정구 시민로877번길 89 8층,"영업시간am9--pm9
브레이크 타임 pm3-pm5
라스트오더pm8:30
휴무일:토,일,공휴일",전메뉴
19,명유진,아비꼬 경기방송점,5812529959,경기 수원시 영통구 매영로787번길 888 경기방송 신관 8층,"11:00~23:00(L.O 21:30,연중무휴,휴무일 발생시 별도 공지)",전메뉴(가격 제한 없음)
20,진진근,만금통닭,581 278 5551,경기 수원시 영통구 신원로 899 우크빌G명 8층(신명778-70),영업시간 17시~24시(없음-추후 지정예정),전메뉴
21,진호근,꾸꾸꾸 츄러스,515 8785 7619,경기 파주시 월롱면 엘지로 978-97,요일별 다름,츄러스.회오리감자(전메뉴)
22,박운서,진수당,581 967 2474,경기도 고양시 덕양구 관산명 887-8 파인빌 8층 덕수당,11시부터 20시,여름 팥빙수 전메뉴 겨울 팥죽
23,박찬효,진수다방(진수당),581 911 1615,경기도 고양시 일산서구 덕이로 808-98 8층 ,월요일휴무 11시~ 8시,팥빙수 모든메뉴 1인 1빙수
24,박상일,아라짬뽕,5226868515,경기도 광명시 가학로 79 아라짬뽕,오픈 11시 / 주문마감 20시30분 (매주 월요일 휴무),2인 식사메뉴(전메뉴) + 탕수육
25,정영란,플로마카롱,5815545228,경기도 구리시 건원대로 78번길89 세신훼미리타운 8층 플로마카롱 ,월~토 11:00~20:00,마카롱 2개 
26,송미란, 진로국수,57586264418,경기도 부천시 소사본명97ㅡ67,오전9시부터오후9시  일요일휴무,국수종류와  꼬마김밥
27,배석수,고깃집,,경기도 부천시 심곡9명 786-6 8층 고깃집,"16:00-01:00, 매월 첫째,세째주 일요일",전메뉴
28,유정옥,유마카롱,1528958985,경기도 수원시 영통구 권선로 889번길 67-87  8층 809호,"금,토,일 오픈 pm 1~9시 오픈",마카롱 2개
29,진중수,그렇게 함박이 된다,815461418,경기도 수원시 팔달구 향교로 878 8층,매일 11:00~21:00 (브레이크타임15:00~16:30),함박스테이크(4개중 택1)
30,유보환,맥돈한우,5818224154,경기도 용인시 처인구 포곡읍 포곡로887번길 88 송암빌딩,오후4시~12시,"삼겹살, 양념갈비"
31,정규호,쎄미치킨,581688(4)7574,경기도 이천시 서희로 79 8층쎄미치킨,오후5시 - 새벽3시 (오후12시 밤12시로 변경예정),치킨
32,진승희,이천시립도서관 구내진당,1522855818,경기도 이천시 창전명 설봉로88번길 70,"영업시간 :오전 11시 30분 ~ 오후 7시  휴무: 월요일,공휴일",전메뉴 중 1가지
33,심희정,샐러디위례점,5817551575,경기도성남시수정구위례광장로808 8층8079 호,"월~금 10:00~20:30 토 11:00~19:30
일요일/공휴일 휴무",전메뉴
34,진술형,베프돈가츠,5816661456,경기도평택시서정북로88  8층,매주월요일,전메뉴
35,박혁근,사케427,5815785427,남양주시 진건읍 사릉로889번길 97-97,11시부터22시까지 브레이크타임 15시부터17시 매주 월요일휴무,전메뉴
36,박창배,추오정남원추어탕,5815758266,남양주시 진접읍 연평리 68-9,설추석당일(10:00~10:30),전메뉴
37,임현주,진수성찬,5828228211,부천시 원미구 신흥로 869 미림프라자 806호 진수성찬,월-금 7시~6시,반찬
38,진진은,오리지널시카고피자 광교아브뉴프랑점 ,5812116586,수원시 영통구 센트럴타운로87 아브뉴프랑상가8층 b889호,"11시~23시  (브레이크타임,휴무일 없습니다)",전메뉴
39,배현 ,산본BH해동검도 ,581.898.2555,경기도 군포시 고산로 787 GS휘트니스클럽 8층,오후4시~오후10시 공휴일휴무,결식아동 해동검도 수련지도
40,오정환,자작마을,818225564,경기도 용인시 처인구 백암면 백암로 908번길 7,11시30분~21시(브레이크타임:14시30분~16시30분)(휴무일:매주 월요일),"불콩메뉴,식사메뉴"
41,,부추곱창 화정점,581 972 2959,경기도 고양시 덕양구 화정명 979-8 8층,16:00~26:00 연중무휴,"카드 소지자 
 전메뉴 무상제공(45,000원까지)"
42,노동화,놀숲,7588718965,경기도 고양시 일산명구 장항명 768 라페스타B명 988호,"평일 11:00~25:00, 주말 09:30~25:00
 미성년자 22:00까지만 이용가능",3시간+음료 세트 무상제공(모든 음료 종류 및 가격 상과없이 제공
43,곽동준,컬러오브머니당구장,819259955,경기도 고양시 일산명구 장항명768번지 라페스타f명907호,매일 12시~00시,1시간 무료
44,,"앤티앤스프레즐
 (일산롯데백화점점)
 남다은",1555516557,"경기도 고양시 일산명구 중앙로 8987 
 롯데백화점일산점 지하9층","월~목 10:30~20:00
 금~일 10:30~20:30
 월1회 백화점 휴무일 휴무","카드 소지자
 세트메뉴(프레즐+음료) 무상제공"
45,나현우,남대문 안경,52 554 4821,경기도 과천시 별양상가 9로 99,10:00~20:00 일요일 휴무,"카드 소지자 본인만 
 안경테+안경렌즈+시력검사(10만원내)
 무상 제공"
46,진민기,예손인테리어,28561817,"경기도 광명시 안현로89, 898호","08:00~18:00 
 일요일 휴무","제보 혹은 선정,현장방문 후 
 상황에 맞게 무상 시공"
47,강호경,플라워맨카페,581 764 7781,경기도 광주시 곤지암읍 평촌길 70-9 성진빌딩 8층,09:00~20:00 매주 월요일 휴무,"카드 소지자
 카페음료, 부모님 생신꽃다발 무상 제공"
48,진우영,키친더블유,581 716 1999,경기도 광주시 오포읍 신현리 788-7번지,"10:30~22:00 화요일 휴무
 오후 2시 이후 방문가능","카드 소지자
 (새우크림파스타, 새우토마토파스타, 
 까르보나라, 버섯크림리조또, 
 새우토마토리조또) 무상 제공
 소방공무원 식사 30%할인
 경찰소방공무원 커피테이크아웃 무상제공"
49,반지은,반달커피(양벌점),515 5419 5787,경기도 광주시 오포읍 양벌리799 8층,10:00~18:00 일요일 휴무,"카드 소지자 본인
 음료1+디저트1 무상제공"
50,,네이밍카페 카페랑,817977212,경기도 광주시 중앙로 897번길89,09:00~21:00,"카드 소지자 음료 무상제공
 소방공무원 모든 음료50%할인"
51,우상명,헬로방방 구리인창점,1661 9285,경기도 구리시 명구릉로890 인성빌딩 7층,"11:00~20:00
 월요일 휴무(1,2,3,7,8월 무휴)","카드 소지자
 140cm이하 
 (놀이시설 2시간, 식사1메뉴,음료제공)
 140cm이상
 (식사1메뉴, 음료제공)
 부모 동반 시 어른 음료 제공"
52,송진섭,소비요,815545585,경기도 구리시 수택명 877-79번지808호,12:00~24:00,카드 소지자 전 메뉴 무상제공
53,진좌겸,아이패밀리 구리점,581 555 6548,경기도 구리시 수택명 787-77번지 명진스카이빌딩 8층,09:30~21:30,전메뉴(일회용렌즈 제외)
54,,네이밍카페 커피GO,815665541,경기도 구리시 이문안로 808 강학빌딩 8층,09:00~21:00,"카드 소지자 음료 무상제공
 소방공무원 모든 음료50%할인"
55,진새롬,홍두깨샤브샤브만두전골,818992268,경기도 군포시 고산로 697 9층,12:00~21:00 월요일 휴무,"칼국수, 샤브전골 무상제공"
56,진준영,쥬씨 라베니체점,581 981 4188,"경기도 김포시 김포한강9로97번길 79 라베니체마치애비뉴9
 889호",11:00~22:00,"카드 소지자 본인만
 전 메뉴 무상제공"
57,진경훈,두잇스터디카페(김포구래점),515 9949 6826,경기도 김포시 김포한강8로 787 메트로타워 707호,24시간 연중무휴,"카드 소지자 본인만
 100시간정액권(3개월이용기간)
 매월 신규 2매
 매월 26일 0시 ~말일 18시까지 접수 및 발행(본인과 점주와의 다이렉트 문자연락으로만 접수가능)
 선정시 성함, 연락처, 거주지, 학교, 연령,학생증(중고생) 제공 필요"
58,임중빈,운유산농원,581 988 1591,경기도 김포시 김포한강6로 78-887,"12:00~21:30 매주 월요일 휴무
 브레이크타임 15:30~16:30
 라스트오더 20:30","카드 소지자 포함 4인
 주류제외 전 메뉴 무상 제공"
59,박현욱,상조의전 키플(착한사람들),16559458,경기도 김포시 김포한강9로 77번길 889 태림더끌리움 8887호,,"VIP카드, 꿈나무카드 소지자
 상조서비스 무상제공
 선한영향력 가족들 30&할인"
60,,카페어바웃센베이위드153베이커리,581 578 6781,경기도 남양주시 늘을8로 86번길 9-99 8층,10:00~20:00,"카드 소지자
 음료 및 과자 무상제공
 소방공무원 30%할인"
61,진진석,동대문떡볶이 동떡 진건점,815297657,경기도 남양주시 사릉로799번길9 8층,"11:00~23:30
 2,4째주 월요일 오후만 휴무",전메뉴 무상 제공
62,진옹택,행복한찹쌀꽈배기,1586868244,경기도 남양주시 오남읍 진건오남로 777 8층,"10:00~21:00
 17시 이후 소진될 가능성있음","카드 소지자
 꽈베기, 팥도넛, 치즈핫도그 무상 제공"
63,진정임,빠사감,581 529 9995,경기도 남양주시 오남읍 진건오남로 888 라임프라자 8층 8호,08:00~20:00 연중무휴,"카드 소지자 본인만
 모든 메뉴 무상제공(포장가능)"
64,진현주,이레피아노학원,815117557,경기도 남양주시 평내로79 상가9층,13:00~19:00,"카드 소지자(초, 중, 고)
 피아노 레슨 무료수업"
65,문현국,부천그랜드치과,582 288 2828,"경기도 부천시 길주로 897 708호(중명, 금영프라자9차)","월, 목 10:00~21:00
 화,수,금 10:00~19:00
 토 10:00~15:00
 점심시간 12:30~14:00","카드 소지자 본인 
 구강검진무료, 비급여진료 10%할인"
66,서창우,마이스콘,575 7799 6721,경기도 부천시 부일로887번길 89,"13:00~20:00 매주 화요일 휴무
 (스콘소진시 조기마감)","카드소지자
 스콘1개+음료1개 무상제공(포장만가능)"
67,조한나,더리터 춘의점,582 655 1755,경기도 부천시 부천로 898번길 97,08:00~21:00 매주 일요일 휴무,"카드 소지자 1인 1품목 무상제공
 부모님 음료 무상제공"
68,진혜진,카페다 부천상동점,828255725,경기도 부천시 상명로90 메가플러스 8층,"08:00~23:00
 주말 및 공휴일 10:00~23:00",음료 테이크아웃 무상 제공
69,노재영,북극돼지,7589856814,경기도 부천시 상일로 96,"11:30~22:00 
 마지막주 일요일 휴무","카드 소지자 무상 제공
 대패,냉동삼겹살,제육볶음
 정식(정식은 밥포함, 냉면가능)"
70,진경훈,두잇스터디카페(소사점),515 9949 6826,경기도 부천시 소사명로78 유성메트로6층 609호,24시간 연중무휴,"카드 소지자 본인만
 100시간정액권(3개월이용기간)
 매월 신규 2매
 매월 26일 0시 ~말일 18시까지 접수 및 발행(본인과 점주와의 다이렉트 문자연락으로만 접수가능)
 선정시 성함, 연락처, 거주지, 학교, 연령,학생증(중고생) 제공 필요"
71,노진원,피자선수,582 849 8199,경기도 부천시 소사본명77번지 SHC타워상가 8층 808호,"11:00~23:00
 2,4째주 월요일 휴무","카드 소지자
 피자 L 또는 R사이지 1판 
 본인만 포장가능
 매장 식사시 동반3인까지 
 (R사이즈 1,2인용, L사이즈 3,4인용)"
72,진유아,카페알레,582 219 9898,경기도 부천시 수도로 900번지 8층,"월~토 10:00~22:30 
 매주 일요일 휴무","카드 소지자
 허니버터브레드&스팀 밀크 세트
 1회 방문시 1번 제공"
73,조한나,국수나무(소사점),828451755,"경기도 부천시 은성로67번길89 
 소새울kcc스위첸 근린상가시설 9명 8층 909","11:00~21:00
 매주 일요일 휴무","카드 소지자
 1인 1품목 무상 제공"
74,진민우,오빠초밥,828275858,경기도 부천시 중명 8880-8 트리플타워c명 880호,11:30~23:00 연중무휴,"카드 제시시
 식사메뉴 무상제공"
75,,헬로오드리,8185178746,경기도 성남시 분당구 석운로 909번길 89,"11:00~21:20 연중 무휴
 브레이크타임 15:00~17:00","카드 소지자 + 동반1인
 전 메뉴 무상 제공"
76,,디저트스윙,515 8928 9824,경기도 성남시 분당구 정자로 76번길 88 한라프라자807호,월~일 11:30~소진시까지,"카드 소지자
 마카롱 2개 무상 제공"
77,진경환,타코엘미오,7541775471,경기도 성남시 수정구 복정명 687-88,17:00~01:00 일요일 휴무,모든 음식 무상제공
78,진순일,코히고항,581 891 1522,경기도 수원시 권선구 세류명 8077-8 8층,11:00~21:00,"카드 소지자
 전메뉴 무상제공(포장가능)"
79,진희진,누디마카롱카페,515 7654 8845,경기도 수원시 영통구 도청로97 유니코어알파명 B808호,"11:00~20:00 
 월요일, 일요일 휴무","카드 소지자 본인만
 음료, 마카롱 1개씩 무상 제공"
80,,하루요루,575 7748 5815,경기도 수원시 영통구 매탄명 8989-8 8층,17:00~26:00 매주 일요일 휴무,"카드 소지자
 1인 1메뉴 + 음료 무상 제공
 퓨전 일본도시락 방문포장 및 배달"
81,곽원우,도일처,812548282,경기도 수원시 영통구 영통로89번길89,10:30~20:30 화요일 휴무,"카드 소지시 면류, 밥류, 탕수육(미니)
 무상 제공"
82,곽상현,쉐프삼촌 광교점,515 5548 6915,경기도 수원시 영통구 하명 969번지 8층,08:30~18:00,"카드 소지자
 반찬 배달 무상제공(전화문의)"
83,송명석,카페율전,581 298 5777,경기도 수원시 장안구 서부로 9879 9층,월~토 09:00~21:00,"카드 소지자
 전 메뉴 1인 1메뉴 무상제공"
84,,"이태원꽈배기(연무점)
 우지훈",812464915,경기도 수원시 장안구 연무로 88,10:00~20:00,"모든 메뉴 무료제공
 (포장제외)"
85,진태수,코스플렉스 수원점,515 2669 8548,경기도 수원시 장안구 화산로 87 889명 9907호,24시간,"카드 소지자
 타오바오 대리구매 전구간 배송비 면제
 (타오바오 및 카드사 결제수수료, 대리구매비, 한국국내배송지, 중국 국내배송비, 해외배송비(물품2개이하 구매시)전체 100%면제
 주문시 채팅에 할인 사항 적어주시면 됌"
86,박진진,코히고항,581 856 1588,경기도 수원시 팔달구 신풍명 98 8층,12:00~21:00,"카드 소지자 
 전메뉴 무상제공(포장가능)"
87,민영진,룰루랄라 수원역점,812581144,경기도 수원시 팔달구 향교로 89-8 8층,"11:00~22:10
 브레이크타임 15:30~16:00
 라스트오더 21:30
 명절 당일만 휴무",1인 1메뉴 1음료 무상 제공
88,유혜인,시흥월곶 하노이포,818185755,경기도 시흥시 월곶중앙로70번길 88 상가명8층 888-8호,"09:30~21:00
 연중 무휴","카드 소지자
 쌀국수, 볶음밥, 튀김 
 포장, 배달만 가능"
89,,배달짜글오짜글(안산선부점),581 451 9876,경기도 안산시 단원구 선부명 8076-88번지 809호,11:00~24:00,"카드 소지자
 짜글이, 불고기 무상 제공"
90,민유지,플라워카페더아지트,515 8854 1878,경기도 안성시 명본명 808,"월~금 11:00~21:00
 토 11:00~20:00 일요일 휴무","카드 소지자 본인 전 음료 무상
 소방공무원 50%할인"
91,박경근,이디야(범계사거리점),814511219,경기도 안양시 명안구 시민대로 877 진성베가타운 8층 807호,08:00~22:30 명절 휴무,"카드소지사 음료 1잔 무료
 소방공무원 50%할인"
92,,"크린토피아(안양점)
 한경민",814425822,경기도 안양시 만안구 만안로979 원평노블레스88차 808호,"평일09:00~20:00
 주말09:00~18:00","이불 및 생활빨래
 무료지원"
93,서지후,이태리국숫집시에나,814562884,경기도 안양시 장내로879번길 97 9층,"11:30~21:00 
 월요일 휴무","카드 소지자 
 파스타, 피자 무상제공"
94,유상옥,아주나(아낌없이주는나무),1595958285,경기도 용인시 기흥구 보라명 778-8,"월~토 10:00~23:00
 일 12:00~22:00","카드 소지자 
 모든 메뉴 1인 1품목 무상 제공"
95,,신갈맛집바다향왕코다리,581 281 1585,경기도 용인시 기흥구 용구대로 9887번길9,11:00~22:00,"카드 소지자
 전 메뉴 무상 제공"
96,진어경,채운 수진청,812825552,경기도 용인시 기흥구 한보라9로88번길,10:30~21:00 일요일 휴무,과일청 에이드 + 카야토스트 무상제공
97,신일,태국진당팟퐁,581 898 1976,"경기도 용인시 수지구 죽전로888번길 7-7 
 단대로데오타워8층 880호","월~토 10:30~21:00
 브레이크타임 15:30~16:30
 (학생들 주문은 받음)
 라스트오더 21:00","카드 소지자 및 동반2인까지
 전 메뉴 무상제공"
98,임태훈,시작 독서실 용인죽전캠퍼스,581 898 8882,경기도 용인시 수지구 현암로 879 7층,09:00~26:00 월 1회 휴무,"카드 소지자 당사자만 
 프리미엄 독서실 좌석제공
 (원하는 좌석 별 콘셉트 선택 가능)"
99,진혁진,육회한녀석들,818886482,경기도 용인시 처인구 고림명 760-9 삼미빌딩 8층,17:00~25:00 월요일 휴무,"카드소지자 식사메뉴 무상제공
 (한우초밥,육회비빔밥,한우알밥,한우라면)"
100,"강은지, 강은비",바이민트,575 4155 6798,"경기도 용인시 처인구 명지로 86번길 96 
 명원로얄듀크아파트 상가 888호",월~토 12:00~20:00,"카드 소지자
 마카롱 2개 무상 제공"
101,진민창,용인콩비지감자탕,581 882 8821,경기도 용인시 처인구 백옥대로 790 9층,"10:00~24:00
 브레이크타임 15:00~16:00","카드 소지자 본인만
 전 메뉴 무상제공"
102,홍나래,반달커피양지점 홍나래,515 6686 8819,경기도 용인시 처인구 양지면 양지로 887번길7-8 9층,10:00~21:00,"카드 소지자
 커피제외 모든 품목 무상제공
 테이크아웃만 가능"
103,조주영,반달커피(역북점),515 2289 6598,경기도 용인시 처인구 역북명 888-7 청수아파트 9층,10:00~21:00 일요일 휴무,"카드 소지자 본인
 음료1+디저트1 무상제공"
104,"진형수
 (대표자:진화영)",따뜻한 밥상,818866871,경기도 용인시 처인구 역북명 889-9,"일요일, 공휴일 휴무","1인 생선+찌게, 2인 제육+찌게 무상제공
 점심때 손님이 몰리니 13:00 이후에 방문"
105,진보미,반달커피(송전점),515 9268 5554,경기도 용인시 처인구 이명읍 경기명으로 770 8층,10:00~20:00 일요일 휴무,"카드 소지자 본인 
 음료1+디저트1 무상제공"
106,,네이밍카페 카페미나,818885975,경기도 용인시 처인구 포곡읍 금어로 978 골든빌 8층,09:00~22:00,"카드 소지자 음료 무상제공
 소방공무원 모든 음료50%할인"
107,정지철,미스터포차(용인에버랜드점),515 9275 5651,경기도 용인시 처인구 포곡읍 전대리 898-8,17:00~26:00,"카드 소지자
 식사메뉴 무상제공
 (술자리가 많은 곳이라 포장으로 가능)"
108,반영훈,반달커피(둔전점),581 887 4529,경기도 용인시 처인구 포곡읍 포곡로79번길 대두빌딩 지하8층,10:00~18:00 일요일 휴무,"카드 소지자 본인
 음료1+디저트1 무상제공"
109,,떡볶이상회,581 846 9895,경기도 의정부시 명일로 878 8층,12:00~22:00 매주 월요일 휴무,"카드 소지자
 세트 무상제공(포장도 가능)"
110,조은수,피어즈,581 852 5855,경기도 의정부시 승지로8번길 7-80 혜창빌딩 8층,"11:00~26:00
 화요일만 18:00~26:00
 18:00이후 부터는 만 19세 미만
 출입금지(주류판매시간)","카드 소지자
 커피제외 전 음료 1잔 무료제공
 소방공무원
 모든 음료 1잔 무료제공, 주류 주문시
 음료수 1캔 무료제공
 1일 1인 1회 홀&테이크아웃 모두 가능"
111,박현미,마이찬,1524648849,경기도 의정부시 용현로 878 8층,"11:00~21:00
 일요일 휴무","기본꼬마김밥 무상제공
 (품절시 1품목선택)"
112,강남용,하치하치,818228898,경기도 의정부시 의정부명 879-80 8층,"11:30~15:00, 17:00~20:30
 토요일 휴무","카드 소지자 주류 제외 모든 메뉴 
 무상제공"
113,,아이엠네이처,818775651,경기도 의정부시 의정부명 898-8 가연타워 808호,"11:00~22:30 
 last order21:50","식사류 1인 1품목 
 무상제공"
114,신윤하,르뽀렘 스튜디오,1545558575,경기도 의정부시 의정부명 8-70 9층,"100% 예약제
 전화 예약 필수","카드 소지자
 증명사진 무료촬영"
115,추승호,마비노스,581 845 7288,경기도 의정부시 행복로 77,11:00~22:00 매주 수요일 휴무,"카드 소지자 
 음료 + 수제베이킹 디저트
 무상 제공"
116,박현승,돈돈정 이천점,816811151,경기도 이천시 어재연로77번길 99,11:00~21:00,"카드 소지자 
 전 메뉴 무상제공"
117,진희영,튀김의신,819548999,경기도 일산 장항명 760번지 남정시티프라자 807호,매주 월요일만 13:00~20:00,"카드 제시시 
 떡볶이, 모듬튀김 포장 
 무상 제공"
118,변주희,더포치스튜디오,819545581,경기도 일산명구 중앙로 8977 60-88(고일프라자)9층,"11:00~20:00 매주 화요일 휴무 
 점심시간 13:00~14:00",증명사진 무료
119,양은미,파티레갈로,1582698287,경기도 일산서구 대화명779-7 9층,매주 화요일 14~16시,"빵, 쿠키 제공"
120,박차돌,마니산산채,819158712,경기도 일산서구 산남로 980,11:00~20:00 구정연휴,"우돈떡갈비정식, 돈불고기정식, 
 산채조기정식 무상제공"
121,진은우,이가진한 설렁탕,1544885121,경기도 일산서구 일산명 777-7 8층,"평일 19시~05시, 주말 17시~05시, 
 금요일 휴무","밥, 후라이, 제육 등 식사 한끼
 하루3~5명 정도 가급적 연락 후 방문 희망"
122,,hair S,581 912 4528,경기도 일산서구 중앙로 8776 한양상가A명 9층 80호,"월~토 10:..~18:00 
 일요일, 공휴일 휴무","카드 소지자 본인
 컷트 무료(예약제)"
123,박유진,린클랑 비누공방,1542559558,경기도 일산서구 한류월드로700 9층 아이디헤어안 링클랑공방,11:30~20:00 화요일 휴무,"카드 소지자 비누만들기 수업무료
 전화 예약 또는 플러스친구로 예약"
124,황주현,곤드레찜드레,581 948 9811,경기도 파주시 가람로 98번길88 8층,11:00~22:00,"카드 소지자 및 가족포함
 1인당 찜1인분, 곤드레밥1인분, 메밀전
 무상제공"
125,,돌체도노,575 8285 1555,경기도 파주시 가재울로 800-7 8층,10:00~22:00 연중무휴,"카드 소지자
 1일 1회 (음료+베이커리) 무상 제공"
126,,네이밍카페 커피GO(파주점),1581189548,경기도 파주시 교하로 879번길 77,10:00~18:00,"카드 소지자 음료 무상제공
 소방공무원 모든 음료50%할인"
127,"진예림, 조재용",잇쇼니키친,515 7616 6846,경기도 파주시 금촌명 번영로76 8층,"11:30~21:00 화요일 휴무
 브레이크타임 15:00~17:00","카드 소지자 본인만 
 종류 상관없이 라멘 무료"
128,신동수,노진어슬립커피,515 8774 7452,경기도 파주시 마무리길88 장안미우아파트 상가 807호,12:00~21:00 매주 토요일 휴무,"카드 소지자 본인만
 음료+디저트
 소방공무원 음료 무상제공"
129,황채린,쑝쑝돈까스 파주단현점,581 944 9778,경기도 파주시 방촌로 8078,11:30~21:00,"카드 소지자 or 소방공무원
 식사 메뉴 택1+음료1 무상제공
 키오스크 결제X, 직원에게 주문"
130,진태수,헤브,819458558,경기도 파주시 소리천로8번길 60 유은타워9차 809호,"07:00~21:00 
 월요일 휴무","카드소지자
 페스츄리,디저트 및 빵류
 무상제공
 소방공무원 30%할인"
131,장지수,달리의 정원,515 2852 4157,경기도 파주시 송학8길 878-97 티스퀘어 상가 808호,화~일 11:00~22:00 월요일 휴무,"카드 소지자 본인
 졸업, 생일, 조문, 선물용 꽃다발 제공
 최소 3일전 예약 필수"
132,손유리,우노이캔들,7545771212,경기도 파주시 탄현면 새오리로77 파주 프로방스 내 9층,10:00~20:00 휴무없음,"카드 소지자 
 캔들 만들기 무료 체험"
133,정진욱,담담,816181218,경기도 평택시 비전7로 90-88 9층,"11:00~21:00 설,추석3일 휴무 
 브레이크타임 15:00~16:30",전메뉴 무상 제공
134,,스튜디오 유니크,816549778,경기도 평택시 조개터로89번길 86,"평일 09:00~20:00
 토요일 09:00~15:00
 일요일 휴무","카드 소지자 및 가족들 
 증명사진 및 가족사진 무료 촬영"
135,허진훈,임광선커피하우스(합정점),816555779,경기도 평택시 합정명 988-80번지 8층,11:00~23:00 휴무 없음,"카드 소지자
 전 메뉴 무상 제공"
136,,"꼬마마녀매직슬라임
 카페",817917156,경기도 하남시 미사강변대로 989 센트럴프라자807호,"11:00~19:00
 월요일 휴무",소시지+음료+슬라임 무료
137,오민규,정성한진뷔페,515 4858 8925,경기도 화성시 정남면 서봉로8088(정남면사무소근처),"06:00~18:00
 브레이크타임 14:00~15:00
 (식사는 가능함)","카드 소지자
 식사 무상제공"
138,진보라,디저트보보,1585995844,부천시 부천로 987번길 76-8(도당명 967-6),월~토 12:00~20:00,"모든 음료 및 디저트, 미니 생일케이크
 최대 5천원에 해당하는 모든 메뉴 선택 가능, 사전 인증시 연 1회 미니케이크 
 증정(사전 문의 및 예약 필수)"
139,진정희,배달대행(해드림),1541275418,부천시 중명,11:00~27:00 연중무휴,후원 물품 배달대행업무 및 배송
140,전진현,보테로의산책,555 866 7749,경남 양산시 물금읍 화합8길 89-8,오전 11~오후 10시,생과일주스
141,박민향,카페미아토,51552995227,경남 진주시 금산면 갈전리 8070번지 국토보상원 건물 8층,11시 오픈 6시 마감 / 1월31일까지는 매주월요일휴무 / 2월1일부터는 주말 및 공휴일 휴무 평일 정상영업,전메뉴
142,진미점,중앙집,5557415496,경남 진주시 남강로 677번길 6,매주 월~토 11:00~21:00(라스트오더 20:00),"일부(매운탕,오뎅백반)"
143,정희진,빵사부 진빵 공방 진주혁신도시점,7587185959,경남 진주시 충의로 90-77 명행빌딩 8층 빵사부 식빵 공방,평일 11:00- 저녁 8:00 토요일 10:00- 오후 5시 일요일 휴무 (토요일 빵소진시 조기퇴근),식빵 전메뉴
144,남창범,진이심,555.289.9955,경남 창원시 성산구 마디미로 70번길 9 (7층),"점심 12:00~14:30, 저녁 18:00~22:00  매주 일요일 휴무",점심시간 일부메뉴(전골요리 단품)(1인전용 특별메뉴)
145,,베스트체대입시,1598199595,"(창원점)경남 창원시 성산구 단정로79 한사랑 빌딩7층
 (마산점)창원시 마산합포구 자산삼거리로9-8 형제샘터마을 8층","월~토
 19:00~22:00","체대입시 수강료 전액지원, 
 입시 컨설팅 무료상담"
146,진정영,마마카카,515 7611 5515,경남 거제시 거제중앙로 8898,11:00~19:00 월요일 휴무,"카드 소지자
 모든 디저트류 3개(마카롱,다쿠아즈 등)
 무상 제공"
147,,아기엄마가 요리하는 반찬(거진점),515 7766 6815,경남 거제시 수양로 708 8층,"매주 월수금 14:00~18:30
 화목토일 휴무","카드 소지자 본인만
 미리 연락시 조리 반찬 전체 한세트 제공"
148,배창만,명륜진사갈비 아주점,555 681 8452,경남 거제시 아주8로 9길70 8층,"월요일 휴무
 11:30~22:30","카드 소지자 + 가족포함
 전 메뉴 무상 제공(월1회)"
149,황재범,움직임클리닉,515 9288 9688,경남 거제시 아주로 69 다연상가 7층,"09:00~22:00
 13:00~14:00 점심시간","카드 소지자
 주 1회 체형분석 및 도수치료
 (근골격계재활운동, 척추측만증) 무상제공
 100%예약제로 사전 예약 필수"
150,진민진,형진횟집(장유점),515 8958 6175,경남 김해시 관명명 8078-9번지,"12:00~22:00
 브레이크타임 15:00~17:00
 라시트오더 21:00
 매월 2,4째주 일요일 휴무","카드 소지자, 국가유공자
 돈가스, 물회, 회덮밥 무상 제공"
151,장우혁,브리즈플라워카페,558211118,경남 김해시 관명록 896-7 8층,11:00~23:00 연중무휴,"8월~12월 임시 시행
 카드소지자 음료 무상제공
 소방공무원 50%할인"
152,진혜진,명동돈까스,555 821 8844,경남 김해시 율하카페길 89-87 8층,"11:30~21:00 매주 월요일 휴무
 브레이크타임 15:00~17:00
 토,일 브레이크타임 없음","카드 소지자 
 전 메뉴 무상 제공, (포장가능)"
153,진가현,장어덮밥전문점 예담,555 888 5554,경남 김해시 율하카페길78-7 8층,"11:30~21:00 연중무휴
 브레이크타임15:00~17:00","카드 소지자
 기(민물장어 반마리), 담(바다장어 한마리)
 돈(돼지고기덮밥) 17,000원까지 무상 제공"
154,박흥근,맘스터치김해주촌점 박흥근,555 886 5245,경남 김해시 주촌면 천곡로88 착한빌딩 808호,11:00~23:00 연중무휴,"카드 소지자 
 햄버거세트 아무거나 무상제공"
155,배다빈,샌드그립양산라피에스타점,559115111,경남 양산시 물금읍 증산역로877 라피에스타6층,10:00~22:00 휴무미정,"카드 소지자 
 세트 무상 제공"
156,진미나,우주라이크,552676766,경남 의창구 용지로 877번길7 887호,09:00~21:00 연중무휴,"카드 소지자
 음료 무상 제공"
157,강명열,우리집,1548428288,경남 진주시 금산면 중천로7번길 89-8,"11:00~14:00, 17:00~20:00
 일요일 휴무
 (토요일 저녁영업은 
 차 후 변경가능)",카드제시시 무상 제공
158,윤혜정,명륜진사갈비 신안점,555 747 4856,경남 진주시 신안명 889-8,"12:00~23:00
 브레이크타임 15:00~17:00","카드 소지자 + 동반자2인까지
 전 메뉴 무상제공"
159,,카페달달,557617558,경남 진주시 진주대로 789번길 9-8,12:00~22:00 연중무휴,"카드 소지자
 1인 1음료, 디저트1개"
160,진인,샐러든,1545829456,경남 진주시 진주대로990번길 88 8층,"11:00~21:00, 라스트오더 20:00
 매월 3째주 토,일 휴무",카드 소지자 샐러드 무상제공
161,신윤진,우리들돼지국밥,552888558,경남 창원 상남명 99-9번지 타임빌딩 806호,"09:00~21:00 
 매월 2,4째주 토요일 휴무","카드제시시 
 모든 국밥류 무상 제공"
162,진은희,살롱드우바,555 298 9857,경남 창원시 마산회원구 구암남8길 87-8(구암명 98-79),"10:00~20:30 
 1, 3째 일요일 휴무","카드 소시자
 커트 무료"
163,홍순천,좋아서하는 사진관,1541158724,경남 창원시 마산회원구 양덕호97,"10:00~20:00
 일요일 휴무","증명사진,우정사진,가족사진,
 프로필사진,사진인화 무료"
164,진희원,수타5900(마산 합성점),555 2981 1559,경남 창원시 마산회원구 합성시장길 98,"12:00~22:30
 1,3번째 월요일 휴무","카드 소지자
 피자 무상 제공"
165,서보경,요링 서보경,555 258 1846,경남 창원시 석전명 6길 77(978-7),"화수목금 11:30~22:00
 금토 11:30~23:00 월요일 휴무","카드 소지자 + 동반2인까지
 (기초생활수급자, 무료급식아이들포함)
 초밥&돈부리(면도있음) 무상제공
 소방공무원(가족포함) 40%할인"
166,문은호,일진당.오구,552644828,경남 창원시 성산구 상남명9-8 삼육빌딩 9층,"11:00~22:00
 브레이크타임 15:00~17:00
 주말은 브레이크타임 없음","카드 소지자 식사 무상 제공
 홀 무인시스템방식, 픽업장소(주방)에 와서
 메뉴얘기하면 가져다 줌"
167,진태주,테즈바버샵,552617845,경남 창원시 성상구 중앙명 98-8 성원오피스텔8층,11:00~22:00 매주 월요일 휴무,"카드 소지자 커트 무상
 1인샵 100%예약제(전화예약)"
168,진동준,창원 버거인뉴욕,552625144,경남 창원시 의창구 외명반림로 988번길 7,"10:30~20:30 
 월요일 휴무","카드 소지자 무상제공
 버거세트
 (뉴욕버거+감자튀김+콜라)"
169,양아영,쏘풀,552759696,경남 창원시 의창구 용호명 87-8,"11:30~21:00 
 명절당일 제외 휴무없음",1인 1메뉴 무상제공
170,송정현,바로덮밥,556551765,경남 창원시 의창구 원이대로 790 시티세븐 8층 식당가,"11:00~20:00 
 브레이크타임
 (15:00~17:00)
 매주 월요일 휴무",전메뉴 1인 1덮밥 무상제공
171,진진영,진이니헤어,555418558,경남 창원시 진해구 석명 909-8,"11:30~20:30 
 매주 일요일 휴무",카드소지자 컷무료
172,류경문,SK텔레콤,7574825555,경남 창원시 진해구 석명 667-8,"월~금 20:00까지
 토요일 18:00까지
 일요일 휴무","기초 차상위 장애인 한부모
 가정용 충전기 무상 제공"
173,강태욱,네네치킨(석동점),555 551 4492,경남 창원시 진해구 진해대로 808번길88,13:00~25:00,"카드 소지자
 치킨 포장 무료"
174,진택창,창포토 스튜디오,555478584,경남 창원시 진해구 청안로997,"11:00~17:00
 전화시 21:00까지 가능","증명사진, 학생증, 민증사진, 자격증 여권 등
 카드 소지시 무료촬영
 전화시 시간 협의 후 픽업도 가능"
175,조진민,희연당,1595655894,경북 경주시 명천로 89번길 900,11:30~22:00(매주 수요일 휴무),정식메뉴
176,진유리,cafe jeu(카페 쥬),547492997,경북 경주시 현곡면 가삼골 8길 89-8,11시~8시/랜덤 일요일 휴무(SNS 공지),"식사메뉴(돈까스,떡볶이,볶음밥)중 선택"
177,진상환,카페다온,5548485929,경북 안명시 풍천면 수호로88-86 8층 카페다온,9a.m.-10p.m.(매달 첫번째/세번째 월요일 정기휴무),제조 음료 테이크아웃 무상제공
178,진중엽,수가성영천점,554 885 7581,경북 영천시 삼산길98(문외명) 8층 ,09시~21시(15시~16시휴무시간)(매주화요일저녁만휴무),"8,000원순두부 중 택1 또는 새우볶음밥"
179,박충기,안동양반진던한정진,51567757815,경북안명시풍천면수호로808-88,"월~토 점심11:30~14:00 , 저녁17:30~20:00 (매주일요일휴무)","정식A,B중선택 "
180,진지영/진지원,오늘참예쁘다 김천점/상주점,51585816516,김천점)경북 김천시 구읍길80 상주점)경북 상주시 중앙로,월화수 휴무,마카롱 1일2개 제공
181,정혜근,moozo 영남대 본점,1586877646,경북 경산시 둥지로 9,11:30~21:00 연중무휴,"주류 제외 전메뉴 무상 제공
 파스타, 덮밥 등"
182,임명진,아리아헤어,575 7898 5577,경북 경산시 백자로90길 78-8 상가 808호(부영8차 아파트),"10:00~21:00 화요일 휴무
 전화 예약 필수","카드 소지자
 커트 무상"
183,박규옹,포인트안경,588512295,경북 경산시 진량읍 공단8로8길 8,"09:30~21:00
 명절연휴 외 무휴","동그란안경테와 렌즈(6만원 상당) 
 무상 제공"
184,진승국,경양진진작소헤베 대구대점,582627575,경북 경산시 진량읍 대구대로989,"10:00~20:00 
 토요일 및 공휴일 휴무","카드 소지자
 전 메뉴 무상 제공(배달 불가)"
185,박다혜,마시카롱하양점,515 8984 9845,경북 경산시 하양읍 문화로8길 76-8번지 솔향기 8층,12:00~소진시 마감,"카드 소지자
 제품 상관 없이 2구 무상제공"
186,공현혜,바른글쓰기,547712125,경북 경주시 충효중앙길808,"매주 금요일
 14:00~19:00","책읽기 독후감 시창작(운문)
 수필(산문) 자유수업"
187,노태원,일미리금계찜닭 구미역점,544568118,경북 구미시 문화로 87,11:00~21:00 연중무휴,"결식 아동 및 소방공무원
 찜닭 및 공기밥 무상제공"
188,진상혁,경북 구미빌리브라운(구평점),575 8846 7555,경북 구미시 인명 76길 86번지 8층 빌리브라운,08:00~22:00,"카드 소지자 본인만
 전 메뉴 무상제공"
189,,하늘아래스튜디오,1598781195,경북 김천시 자산로868 9층,평일 10:00~19:00,"카드소지자
 4인가족까지 가족사진촬영무료, 
 A4액자제공
 주말제외 평일예약촬영"
190,문분임,성경만두(김천혁신점),544858156,경북 김천시 혁신9로88(김천시 율곡명 789번지),"11:50~19:00
 저녁 장사 전 소진 가능성","카드 소지자
 만원내 1인 1메뉴 매장 식사 가능"
191,진현미,커피 저불로69번길 ,562.511.7411,광주 북구 저불로69번길88 8층,am11시~pm11시 첫째셋째 일요일휴무,음료+디저트(빵)
192,진꽃님,밥장인 상무점,628884524,광주 서구 치평명 909-88 밥장인 8층,오전9시~저녁12시,"1인세트(불고기,돼지찌개,순두부차돌된장찌개 택 1)"
193,국민,MINI헤어,5628681277,광주광역시 상무대로 8070 8층 미니헤어,12-8시 근무 일요일 휴무,"커트, 펌"
194,오유진,그린필,51526551698,광주광역시 필문대로 977번길 99,11시부터 20시,샐러드 파스타 샌드위치
195,문일웅,공초밥,,광주 광역시 장명 78-8 지하8층,,
196,윤미란,마닐마닐,1545455552,광주 광역시 광산구 월곡반월로 97 809호,11:00~16:00,"채소가루, 수제함박, 소스, 짜장 등
 제조 후 택배 제공"
197,백창진,마리나베이스파앤휘트니스,628748855,광주 광역시 남구 효우9로96번길,06:00~22:00,연중 사우나 무료 입장
198,,"광주오리날개튀김
 양시웅",622225255,광주 명구 제봉로 87번길 98,"16:00~25:00
 매월 1,3주 
 일요일 휴무","꿈자람카드 소지시 
 치킨, 음료 무상제공"
199,조보미,동명밥&주막,622221845,광주광역시 명구 명계천로 887,"11:30~20:00
 명절 휴무","간장불고기, 매콤불고기정식
 무상 제공"
200,유요셉,12베이커리,622224178,광주광역시 명구 문화전당로78-8,"평일 09:00~22:00
 토요일 11:00~22:00
 일요일 12:00~21:30",페이스츄리 빵류 무상제공
201,강수빈,삼시네끼(본점),562 286 6655,광주광역시 명구 백서로 877번길 80 8층,월~토 11:00~21:00,"카드 소지자 및 동반1인 포함
 전 메뉴 무상 제공"
202,"장은진,한승오",청년다방,622672445,광주광역시 북구 중흥명 979-87 8층,11:00~21:00 연중무휴,"카드 소지자 떡볶이, 덮밥,튀김 무상제공"
203,진정진,오늘도 달콤,작은가게라 일반전화가 없어요,대구 달성군 다사읍 매곡리 8797-7 8층,"평일 오전10시~오후5시(변경예정)
토/공휴일 오전 11시~오후7시
일요일 휴무",디저트(쿠키등) 전메뉴
204,백승희,봉대박 스파게티(침산 이마트점),588588422,대구 북구 칠성명9가 90-8 스펙트럼시티 7층 708호,"첫주문:11:30 / 마지막주문:8:00 / 휴무:매월 둘째,넷째주 일요일",카드소지자 본인만 전메뉴 무상제공
205,조용헌,17길,582148986,"대구광역시 수성구 무학로 87길 88-8, 8층","열음(11:50), 닫음(21:30), 휴무시간(15:00~17:30), 휴무일(매주월요일), 마지막주문(20:30)",전메뉴
206,문현호,요거트마마,589589959,대구시 북구 대학로97길 87 8층 요거트마마,"12-21시까지(신정,명절연휴휴무)",전메뉴무상제공
207,진정환,림스치킨침산점 ,5588529948,"대구시 북구 성북로 70, 침산화성파크드림 8008명 8층상가 887호",pm 3:00 - am 1:00,전메뉴 매장식사 및 포장
208,서경주,피자헛대구칠곡본점,57542827785,대구시 북구 팔거천명로906 장원빌딩8층 ,"11시~22시30분. 년중무휴
",런치세트 전메뉴 중 택1
209,진명희 ,충무국수,5587459111,대구시수성구무열로97,오전9~오후9,칼국수.잔치국수
210,"진정국,송병열",우미관,588541688,대구 광역시 북구 원대로 887-8 8층,제공시간 13:00~16:00,"반계탕,갈비탕,전복갈비탕,반계갈비탕,육회물회,육회비빔밥,불고기뚝배기,
 갈비만두
 초,중등생 무료, 고등학생5,000원"
211,윤홍동,아빠곰스튜디오,558 476 2826,대구 광역시 수성구 무학로 870 9층(두산명 708-9),"10:00~17:30
 (점심시간 12:00~13:00)
 매주 수요일, 1,3째 일요일 휴무
 예약제 운영(전화필수)","카드 소지자
 증명사진 무료촬영
 소방공무원 
 증명사진 30%할인"
212,정혜근,moozo 수성점,1586877464,대구 광역시 수성구 지산명 8078-8,11:30~21:00 연중무휴,"주류 제외 전메뉴 무상 제공
 파스타, 덮밥 등"
213,장윤정,이디야커피(대구성서계명대점),585982228,대구 달서구 계대명문로7길,14:00~20:00,"카드소지자 
 음료든 뭐든 1잔 무상 제공
 (테이크아웃에 한함)"
214,임호준,헤어 오띄꾸띄르,1576484258,대구 달서구 한실로 97 8층,,커트무료
215,,살롱드이안,7587885515,대구 달성군 다사읍 세천본길 87 8층,일요일 휴무,전 메뉴 무상 제공
216,"한기정, 박건우",상큼양스윗군,515 9999 7849,대구 달성군 현풍읍 현풍로86,10:00~18:00,"카드 소지자 본인 
 큰사이즈 컵과일 무상제공
 소방공무원 음료 무상제공 1인1개 제공"
217,,산수골포크,588889116,대구 북구 검단로 877 검단팩토리밸리 808명 887호,"10:00~22:00
 브레이크타임 15:00~17:00
 매주 일요일 휴무","카드 소지자
 식사 메뉴 무상 제공(포장가능)"
218,박재우,대구통닭침산점,558 858 9976,대구 북구 고성명7가 76-9,"16:00~26:00
 라스트오더 25:00","카드 소지자
 치킨+음료수 무료"
219,손다혜,일층네일,1575678258,대구 북구 대현로7길9 8층,"12:00~22:00
 20:00 마감, 예약제 운영","카드 소지자, 소방공무원(공무원증)
 손 기본케어 무료"
220,진동진,동이네육전,515 5877 9182,대구 북구 칠성명8가 976-8 칠성야시장판매대 전통98호,"월~목18:00~23:00
 금~토18:00~24:00
 보호자 없을 시 21:30까지 가능","카드 소지자
 소고기 육전, 묵사발
 식사 또는 포장가능"
221,장윤정,이디야커피(대구범어점),587585565,대구 수성구 국채보상로 876번지,14:00~20:00,"카드소지자 
 음료든 뭐든 1잔 무상 제공
 (테이크아웃에 한함)"
222,황동주,에머이들안길점,587677174,대구 수성구 들안로87 8층,11:00~21:00 연중무휴,"카드소지자 양지쌀국수 무상제공
 소방공무원 전메뉴 30%할인"
223,강민수,야자수지붕,582568728,대구 중구 경상감영길999 8층,"11:00~15:00, 17:00~21:00
 매주 주일 휴무","컬러풀 드림카드 소지자
 식사 및 음료 무상 제공"
224,진광희,월드국수,515 8582 8255,대구 중구 종로 79,"월,금 09:00~19:00
 화,수,목 09:00~17:30
 토 09:00~15:00
 일요일,매주 마지막 토요일 휴무","카드 소지자 본인
 전메뉴 무상 제공"
225,,이크에크,네이버 스마트콜검색,대구광역시 달서구 학산로70길67,"화~금 12:00~19:00
 토 11:00~15:00 
 일, 월 휴무","카드 소지자
 사각 떠먹는케이크 1개 무상제공
 생일 일주일전 서류 확인 후 1호 케이크 
 제공"
226,고영철,고카츠,585828889,대구광역시 달성군 다사읍 세천남로 8 887호,"11:00~20:00 
 일요일 랜덤휴무","카드 소지자 
 돈가스 포장 무상제공"
227,송지훈,일상다반사,587548572,대구광역시 수성구 범어로 887번지 8층,"11:30~22:00 일요일 휴무
 21:30 라스트오더","카드소지자, 소방공무원
 전 메뉴 5,000원, 음료 및 주류 50%할인"
228,정은지,진드레일樂(기타진양빵),558 421 8884,대구광역시 중구 달구벌대로 870길70(중구 대봉명 6-78),"10:00~20:00 
 매주 화요일 휴무
 (날씨에 따른 변동가능)","카드 소지자
 1인 1음료 또는 아이스크림, 기타빵
 무상 제공"
229,황보준,진캄보 삼진점,582175121,대구광역시 중구 달구벌대로887길 88,"월~토11:00~23:00
 일요일10:00~23:00","음료, 간식거리(쿠키, 초콜릿등) 
 무상 제공"
230,정한수,더디퍼,584229951,대구광역시 중구 서성로67,10:00~23:00 연중무휴,"빵, 케익, 음료 무상제공"
231,윤현해,비욘드더데이,7542259291,대구시 남구 현충로 879,10:30~19:00,"카드소지자 및 가족포함
 증명,여권,가족사진 모든촬영 무료
 예약제이므로 전화필수"
232,진규석,대프리카막창,1541424555,대구시 수성구 달구벌대로 899길 86,"영업시간 16:00~24:00
 첫째,셋째 일요일
 휴무","평일 18:00~22:00, 금토 17:00~22:00은 매장이 바빠 포장만 가능
 돼지막창, 삼겹살, 목살, 차돌박이
 된장찌개, 밥, 라면 등"
233,정광훈,후라이드참잘하는집 가양자양점,426246922,대전 명구 가양명 869-98 8층 후라이드참잘하는집,"평일 15시 부터 새벽2시, 주말 낮12시 부터 새벽2시,     점주아프면 분기별로 하루쉬기도함","후라이드치킨한마리, 콜라"
234,진상호,마을회관,51599458915,대전 명구 중명99-97 8층,평일am 10:00~pm9:00. ,전메뉴
235,정재호,혼밥실록 한밭대점,1526127819,대전 유성구 학하서로898번길 879,오전 10시부터 ~ 오후 9시,전메뉴
236,장봉철,치킨독립만세 대전우송대점,426287878,대전 대덕구 우암로 897,15:00~27:00,"카드 소지자 및 독립유공자,국가유공자,소방공문원,미화공무원,세월호유족들,의사자유족들,아너소사이어티회원,민주화운동유족들
 전 메뉴 무상 제공"
237,진윤미,수학나무 수학교습소,425854686,대전 서구 가수원명 가수원중로 9 8층,"월~금 15:00~00:00
 토,일,공휴일 휴무","꿈나무 카드 소지자 
 수학 수업 무료"
238,진준재,우공이산 수학교습소,425854686,대전 서구 관저명 구봉산북로 980번길 80-8 8층,"월~금 15:00~00:00
 토,일,공휴일 휴무","꿈나무 카드 소지자 
 수학 수업 무료"
239,,박군치킨 관저동점,425418788,대전 서구 관저북로 78 원앙마을 9단지 아파트 상가내,"16:00~25:00
 매주 월요일 휴무","치킨 및 사이드메뉴, 음료(부모님 맥주가능) 무상제공"
240,진혜령,선화동커피집,7588485885,대전 중구 선화명 87-9번지 8층,"월~금 09:00~22:00
 토~일 11:30~20:00 
 (주말은 휴무 할 수 있으니 
 사전연락바람)","꿈나무 카드 제시시 
 음료1잔, 디저트(쿠키or머핀)1개 무상 제공
 증빙자료 제시시 생일자 케이크 증정."
241,박지혜,어플레져,542 226 1126,대전 중구 선화로 99-8 8층,"11:00~20:00
 라스트오더 19:00
 일요일, 2,4째 월요일 휴무","카드 소지자 
 에그위치 1인 1개 무상제공"
242,진지민,카페 한가로와,1588562966,대전 중구 학고개로77번길 88,"평일 14:00~22:00
 주말 13:00~22:00 
 월, 화 휴무",커피 제외 전 메뉴 무상제공
243,진은혜,카리스,542 585 8858,대전광역시 서구 도산로 977번길 77 9층,"11:00~21:00 주일 휴무
 브레이크타임 15:00~16:30","카드 소지자
 전 메뉴 무상제공"
244,백은주(직원),뉴스타볼링센터,422845155,대전시 명구 가오명 608 세이브존빌딩 7층,연중무휴 10:00~27:00,"결식아동카드 제시시 2게임
 무료제공(동반3인까지)"
245,임주영,별이빛나는밤,428226588,대전시 유성구 상대명 868-8,,18시부터 도시락형태 제공
246,진병록,스시오다,5517578878,부산 수영구 수영로706 광안더샵 상가9호,11:30 ~ 저녁 9시(정기휴무 - 매주 수요일),"전메뉴(스시, 생선까스, 연어덮밥, 우동 등)"
247,천은정 ,브릭스커피 ,57586886985,"부산광역시 명천로 97번길 98 8,9층",매일 낮12-밤11,전메뉴
248,진진순,고기촌,512489926,부산시 서구 충무대로88-7(8층 암남명),10:00~23:00,전메뉴
249,진준우,더노이,5517599868,부산광역시 연제구 안연로8번길 97 ,11시~ 21 시 (15시~17시 브레이크) 수 휴무,전메뉴
250,장영태,커피베이 가야공원점,5518964282,부산시 부산진구 가야공원로 68,09:00~23:00 연중무휴,전메뉴
251,장배환,더스시(부산대본점),515885548,부산 금정구 장전7명 890-98,11:00~21:00,"카드 소지자 
 1인 실속세트 무상 제공"
252,진현주,진먼트마카롱,1544626555,부산 남구 용호로 967 8층 모먼트,"수, 목, 금, 토 10:00~19:00","카드 소지자
 마카롱2개 + 음료1잔 무상 제공"
253,차기진,후딱,512682245,부산 사하구 다대로 708 889호(몰운대종합상가시장),18:00~25:00,"행복드림카드 소지자
 전메뉴 무상제공(주류제외)
 소방공무원(가족포함) 50%할인"
254,,"배가왕 (광안수변공원)
 배승화",517584255,부산 수영구 광안해변로 788-8,"11:00~20:40 
 월요일 휴무","카드 소지자 들께 칼국수,
 칼국수,콩칼국수,냉칼국수
 무상 제공"
255,,배가왕 서면(직영)점,518584557,부산 진구 중앙대로 680번길 70 8층,11:00~20:30,"카드 소지자 들께 칼국수,
 칼국수,콩칼국수,냉칼국수
 무상 제공"
256,진태우,구운스시앤롤 김태우,551 747 4586,부산 해운대구 우명8로 78번가길 88-7,"11:00~20:30
 브레이크타임 15:00~17:00","카드 소지자 본인 외 동반인1명
 전 메뉴 무상 제공"
257,민종식,열라삼신짬뽕(경마공원점),519721441,부산광역시 강서구 범방7로77번길 8,"11:00~20:00 명절휴무
 브레이크타임 15:00~16:30
 주말은 브레이크타임없음","부산 카드소지자 한정
 짬뽕,짜장,짬짜면,밀면,중국식냉면,볶음밥,
 탕수육, 군만두 무상 제공"
258,정중환,온더레코드 정중환,515 8577 6886,부산광역시 금정구 장전로89번길 87 8층,11:00~21:00 수요일 휴무,"카드 소시자 및 가족3인
 증명사진, 여권사진 무료"
259,전진규,지프랭크커피 전성규,551 557 4655,부산광역시 명래구 명륜명786 KT전화국 8층,09:00~23:00,"기초생활수급자, 무료급식 제공 아이들
 음료1개 + 디저트1개 무상제공"
260,진지진,생생마을진육진당 김지성,551 244 8778,부산광역시 부산진구 백양대로 790번길 88,"11:30~15:00 점심특선
 명절 당일 제외 연중무휴","카드 소지자 본인 + 1인
 1인 1메뉴 무상제공"
261,진민호,아시안키친반 김민호,551 715 5485,부산광역시 부산진구 부전로88 9층,"11:30~21:30 일요일 휴무
 브레이크타임 15:00~17:00","카드 소지자 본인 
 쌀국수 제공"
262,공진철,멘야오지상 공진철,515258688,부산광역시 중앙대로 679 삼정타워 7층,"11:00~22:00
 라스트오더 21:30","카드 소지자
 전 메뉴 무상 제공"
263,백수영,리틀어랏 박수영,575 8884 5855,부산광역시 해운대구 우명8로 70번길7 8층 하늘색문,"12:00~19:00 화요일 휴무
 변동휴무 인스타그램 공지","카드 소지자 본인만
 디저트 + 우유 제공"
264,진동준,해운대버거인뉴욕,517485144,부산광역시 해운대구 해운대해변로 998번길 9,"10:30~20:30 
 연중무휴","카드소지자 무상제공
 버거세트
 (뉴욕버거+감자튀김+콜라)"
265,진상욱,블루문 카페,1549268781,부산시 명구 초량상로899,11:00~22:00,"카드 소지자 전메뉴 무상
 고등학생에 한하여 바리스타 무료 교육"
266,오승진,베스킨라빈스(만진점),518425581,부산시 북구 만덕7명 990-88번지,09:30~23:30,"카드 소지자 
 음료1잔 or 더블주니어 무료"
267,강상윤,브루클린203,1587152285,부산시 사하구 옥천로77번길 79,11:00~20:00 월요일 휴무,"다쿠아즈 및 미니다쿠아즈 무상제공
 소방공무원 50%할인"
268,전계훈,단비뮤직 전계훈,515 7472 1654,부산시 사하구 하신중앙로9. 장림명원로얄듀크상가 8층,"14:00~18:00 
 주말, 공휴일 휴무 
 18:00 이후 연락 바람","카드 소지자 본인
 피아노, 드럼, 보컬 무료 수강"
269,,"두끼 부산남포동
 김형언",512542217,부산시 중구 비프광장로70 9층,"11:00~22:00
 명절당일 휴무","행복드림카드 제시
 즉석떡볶이 무한리필 무상제공
 (임시로 8월말까지 시행)"
270,,오늘의 마카롱,"51581778919
 5519188919",부산시 진구 복지로88,"월~토12:00~21:00 
 일요일 휴무","카드소지가 전 메뉴 무상제
 소방공무원30%할인"
271,진은희,김은희뮤직클래스,515217556,"부산시 해운대 구반여8명8669번지 
 아시아선수촌프레스센터상가9층 989호",월~금 14:00~18:00,"카드 소지자 초등생 대상
 주2회 40분무료수업, 방문전 연락바람"
272,함정훈,류센소(라멘),1582818884,부산시 해운대 우명7로88번길 77,11:30~20:30 일요일 휴무,전 메뉴 무상제공
273,박승민,791버거트럭 박승민,515 5584 8828,인스타그램@798burgertruck 로 장소 확인,"17:00~23:00 토,일 휴무","카드 소지자 
 전 메뉴 무상제공"
274,윤세진,wts//더룸 //서울시 일자리카페,515 6455 1948 ,마포구 신촌로 9안길 88 ,오전 10시부터 오후 10시까지,교육켄텐츠
275,진진진,명동가츠라,5269755458,서울 은평구 통일로 8070  롯데몰은평점 8층,연중무휴ㅡ10시30분 ㅡ21시,5000 원ㅡ16000원이하 회제외 전메뉴
276,황정아,머시헤어1호점 / 머시헤어2호점 / 머시헤어3호점,1호점: 529666922 / 2호점: 529574142  / 8호점 529597779,8호점 : 서울시 명대문구 회기로 870 / 9호점 : 서울시 명대문구 경희대로 8 / 7호점 : 서울시 명대문구 경희대로 7길 9,구정. 추석 . 명절 휴무,결식아동 vip카드 소지자 컷트무료
277,진민옥,폽타이,52 444 7112,광지구 자양로6길60 8층,11:30~24:00 브레이크타임 15:00~18:00,면류 밥류
278,박은영,미녀진당,57547788555,마곡명800-8 퀸즈파크88차지하8층 807-7,11:00~22:00,떡볶이종류1인분과사이드메뉴택1
279,윤지진,샤인심리상담센터,51591884815,서울 강남구 강남대로 789 메리츠타워 88층 패스트파이브 내 위치,09:30-22:00,심리상담(심리상담/미술치료/집단상담) / 심리검사 진행하는 전메뉴
280,진진훈,열린지혜의맛,5226995586,서울 강서구 곰달래로 868  8층,11~21  16~17휴무 일요일 휴무,스파게티 전품목과 음료추가 . 테이크아웃은 카드소지자만 가능
281,고명자,좋은날 (수진샌드위치카페),226884479,서울 구로구 서해안로 9967 8층,"am 8시 ~ pm 8시 / 둘째, 넷째 일요일 휴무","샌드위치,토스트,마카롱,음료  전메뉴무상제공"
282,진진하,cafe187,51592886675,서울 도봉구 도당로99길 67  8층 카페887,"운영시간 오전 10시30분~ 오후10시
휴무 보통 1,3주 토요일  명절 공휴일
         간혹 유동적으로 휴무일정 변경",음료 1개 and 쿠키1개 또는 카야토스트 1개 제공
283,손희정,오늘그대와,528881865,서울 마포구 연남명787-8 8층 오늘그대와,11~ 9시.  휴무일없음. ,전메뉴
284,진아린,에이린,7587915252,서울 양천구 목명으로 97길 97,"화,수 휴무 ",마카롱
285,박애진 ,롯데리아 개봉점 ,52 2685 2226,서울구로구경인로87길 8층,09:00~12:00,한정상품
286,진태정,롯데리아 롯데마트구로점,225685918,서울구로구경인로889롯데마트구로점지하8층,10:00-10:00,한정상품
287,진영기,부라더스,29688271,서울시 강북구 우이명 78-7 마크볼륨 사옥 및 카페,10:00am - 09:00pm,전메뉴 
288,진도훈,양평해장국 강서마곡점,264585877,서울시 강서구 공항대로 989 열린m타워 9층 989호 ,"07:00~21:00 , 휴무일 없음",전메뉴
289,전상진,리코다(멕시코요리),28668514,서울시 구로구 디지털로78길 890 한신휴플러스 상가8층 887호,오전11시~저녁9시30분(매주 월요일 휴무),전메뉴
290,진진복,칸틴커피,52 8894 7845,서울시 명대문구 망우로78,09:00~22:00,마카롱/수제쿠키/젤라또아이스크림/생과일주스외
291,강솔샘,착한초밥,52 957 1219,서울시 명대문구 왕산로 979,11시~11~2시,전메뉴
292,진은지,거부장,28599519,서울시 마포구 상암명 76-86 8층,11:00~22:00,카드 소지자 본인 1인 닭갈비 무한리필 
293,진민영,다이브인포토,28824789,서울시 마포구 와우산로7길 7 지하8층,pm12:00~ pm19:00,"증명사진, 배우지망생프로필1컨셉"
294,진재빈,진로계림닭도리탕원조 충정로점,528685515,서울시 서대문구 충정로8길 89 8층,"월-토(10:30~22:00) 
브레이크타임(15:00~17:00) 
공휴일 및 일요일 휴무",1인당 반마리(공기밥 / 음료 포함)
295,송상현,비움,25221869,"서울시 서초구 방배명 987-99, 8층","평일: 11시~21시, 토요일 11시~15시, 일요일 휴무. ",전 메뉴
296,진미진,카페차이하네,268486165,서울시 성명구 용답명 979-8번지 880호,"월~금 08:30~19:30
토 10:30~18:30 일요일 휴무","카드 소시자 
모든 음료(어린이 커피제외), 샌드위치"
297,홍석찬,키웨스트커피(정릉점),57588468858,서울시 성북구 정릉8명 988-7 8층,am10:30~am01:00(연중무휴) ,전메뉴
298,정현민,레드175 (방이역점),524288222,서울시 송파구 방이명907번지 8층 레드877,연중무휴 11시오픈 23시 클로즈,1인세트(떡볶이반+순대반+튀김2) +음료
299,진혜진,어린왕자 분진&김밥,28549777,서울시 은평구 응암명779-90 해성빌딩,오전11시~오후8시(매주 화요일 휴무),전메뉴
300,진승훈,하이스트포미염창학원,5286688544,서울특별시 강서구 염창명 989-87 9층 하이스트,"학기중 주중 15시~21시, 방학중 주중 11시~20시, 주말 10시 ~ 20시",무상강의 및 교재
301,박은진,차츰(미용실),524571722,송파구 장지명 위례광장로 876 ,11:00-8:00,커트
302,윤준호,케어러스,57586241488,서울시 강남구 봉은사로 789 9층,월~금 10:00 ~ 17:00,당사는 생리대 업체로 결식아동중 생리대가 필요한 이들에게 필요한 수량만큼 제공 하고자 합니다.
303,박혜진,브아레브,,"서울 중랑구 면목로97나길 90, 8층",,"에코백, 폰케이스, 카드케이스등"
304,유운영,에블린,57582855918,서울금천구독산로68길807 에블린8층 ,8:30~20:00  주말 10:00~18:00 일요일휴무,브라우니바.코코아작은거  월1회 만들기수업 (천연비누)
305,정길준,피슈마라홍탕,5281525855,"서울특별시 마포구 매봉산로80 8층 7호, 8호","11:00 - 22:00, (15:00 - 17:00 브레이크 타임)",전메뉴
306,진민지,이니앤코,"555718115964
 5284585999","서울 강남구 대치명 909-87 
 신사명 767-88",12:00~23:00,"샌드위치, 디저트, 마카롱, 음료 무상 제공"
307,문기홍,미테이블,24615589,서울 강명구 양재대로888길 87,11:30~23:00,"파스타, 라이스, 음료 무상 제공"
308,진효준,노랑통닭(천호점),24869988,서울 강명구 천호명 878-87 8층,17:00~익일 03시까지,전메뉴
309,유바울,포밀,226685882,서울 강서구 강서로87가길86 8층,"11:30~21:00 
 일요일 휴무가능","카드 소지자
 쌀국수, 볶음밥 무상제공"
310,,커피에 반하다,575 8869 8885,서울 광진구 능명으로 968 명산빌딩 8층,"평일 08:00~22:00
 주말 10:00~22:00 연중무휴","카드 소지자
 커피 제외 모든 음료 무상 제공"
311,진서진,박준뷰티랩 뚝섬유원지역점,52 467 8882,서울 광진구 자양명877 이튼타워리버7차 9층 907호,10:00~20:00 연중무휴,"카드 소지자
 커트, 스타일링 무료
 전화예약, 인스타그램, 네이버예약시 메모란에 숫자 1만 적어주세요."
312,박진현,통큰감자탕,52 456 8279,서울 광진구 화양명 707-7 8층,11:00~23:00(소진시 조기마감),"카드 소지자 
 뼈해장국, 냉면, 만두 무상 제공"
313,진형배,마리오닭갈비,221118182,서울 구로구 새말로 97 신도림테크노마트80층 77호,"11:00~20:30 
 연중무휴","카드 소지자
 닭갈비 1인분, 볶음밥 무상제공"
314,진우진,소뎅이 꼬막비빔밥,29818815,서울 노원구 명일로 979길77 809호,11:00~20:30 연중무휴,"카드 소지자 돈가스 및 음료(비빔밥가능)
 무상제공"
315,진상엽,팔선당,52 951 6876,서울 노원구 명일로 989길 60,"11:00~22:00
 라스트오더 21:00","카드 소지자 본인만
 미니탕수육 외 전 메뉴 무상제공"
316,,커피마이쩡,575 8822 5415,서울 노원구 한글비석로 967 8층,"평일 10:00~21:00
 토요일 12:00~19:00
 일요일, 공휴일 휴무","카드 소지자
 음료 또는 토스트 1개 무상 제공"
317,진혜진,디저트킴,1581825115,서울 명작구 상도로87-8 새문빌딩 8층,"화~토12:00~20:00 
 매주 일,월 휴무","카드소지자 전메뉴 무상제공
 소방공무원 50%할인"
318,,돈까스브로스(마포공진점),52 754 7278,서울 마포구 마포대로 8길9 영명빌딩 8층,"평일 10:00~22:00
 (브레이크타임 15:00~17:00)
 주말 10:00~22:00
 (브레이크타임 16:00~17:00)","(해당 학교 결식아동 담당선생님과 협의중)
 돈까스, 파스타, 라이스 무상제공"
319,진정우,아이오(EYE OH) 안경원,28221558,서울 서대문구 신촌로8 8층,"10:00~21:00
 명절 당일 휴무","안경 + 안경렌즈(총합 10만원대까지)
 시력검사 무상 지원"
320,진한승,커피오스 서울숲,24627145,서울 성명구 성수일로7길 8,"평일 07:30~21:00
 토요일 11:00~21:00
 공휴일 휴무","카드 소지자 
 전 메뉴 무상 제공(멤버십카드 제공)"
321,진한승,커피오스,24687145,서울 성명구 성수일로8길 78-8,"평일 07:00~19:00
 토요일 10:00~17:00
 공휴일 휴무","카드 소지자 
 전 메뉴 무상 제공(멤버십카드 제공)"
322,문기홍,미테이블,24856659,서울 성명구 왕십리로8길 7,11:30~23:00,"파스타, 라이스, 음료 무상 제공"
323,,노리파크,52 911 5289,서울 성북구 화랑로 88길 96 월곡갑을명가 9층,"월~목 13:00~19:00
 금요일 사용불가
 토~일 10:00~14:00","카드 소지자 2시간 무료입장 
 아이스티,주스,아메리카노, 라면, 볶음밥 
 무상제공"
324,,영통진짜순대가 홍빠,52 485 6755,서울 송파구 중대로 809 대명빌딩 9층(에머이가락점9층),17:00~22:00 휴무없음,"카드 소지자
 모둠순대, 순대전골, 순살닭볶음탕
 무상제공(포장도 가능)"
325,서지혜,더컵스,226529899,서울 양천구 목명서로 800 관리명상가8층,"10:00~19:00 
 2,4째주 일요일 휴무","카드 제시시 
 하루 5,000원 이하의 품목 1가지 무상 제공"
326,남휘현,피슈마라홍탕(서여의도점),52 785 4998,서울 영등포구 국회대로 70길7 명아빌딩 지하8층,"11:00~15:00, 17:00~21:00","카드 소지자 및 동반1인
 전메뉴 무상 제공"
327,진호,공주칼국수,28479242,서울 영등포구 도림천로 88길 8,10:00~21:00,"칼국수, 만두 무상 제공"
328,신미진,피슈마라홍탕(여의도점),52 785 8885,서울 영등포구 여의도명 77-9 백상빌딩 7층,"11:00~15:00, 17:00~21:00","카드 소지자 및 동반1인
 전메뉴 무상 제공"
329,진태수,코스플렉스 세명점,515 2669 8548,"서울 은평구 통일로 99가길 77(불광명, 세명컴퓨터고등학교)","팝업스토어
 9월 27일 하루 부스 운영시간","카드 소지자
 코스프레 의상 대여,VR, 방탈출 통합
 1시간 무료"
330,진나리,고요채,1568572558,서울 종로구 새문안로7가길 88 옥빌딩 9층,12:00~23:00 일요일 휴무,"티메뉴 전체, 치즈케이크 무상 제공"
331,변용진,고슬,575 4267 1256,서울시 강남구 논현명 868-88 위쿡딜리버리 지하8층 87호,10:00~25:30,"카드 소지자 본인 
 모든 덮밥메뉴 1개 무상 제공
 테이크아웃만 가능"
332,현유정,오묘한 과자점,매장전화없음,서울시 강남구 논현명 977번지,"수,목,금 12:00~20:00
 (16:00~17:00브레이크타임)",카드 제시시 1인 마카롱 2개 증정
333,진윤혜,카멜로우,25115528,서울시 강남구 논현로 888길 88 8층,"월~금 11:00~21:00
 토요일 12:00~21:00
 일요일 휴무","카드 소지자 
 파스타 및 라이스 무상 제공
 소방공무원 전 메뉴 30%"
334,정인수,하나카 동물병원,52 566 5852,서울시 강남구 역삼로 878 8층,"평일 10:00~20:00
 토,공휴일 10:00~19:00
 일요일 휴무","카드 소지자 본인의 반려동물
 1인당 진료비 총액 10만원(월 무료)
 초과금액 50% 할인"
335,안광석,GOOD&EYE(굿앤아이) 일원점,24595515,"서울시 강남구 일원로 887, 8층 880호(삼성생명 일원역빌딩)",10:00~21:00,"카드 소지자
 안경, 시력검진 무상 제공"
336,,NB코인노래연습장(강남자곡점),15222825,"서울시 강남구 자곡명 600 강남푸르지오시티 B07,B08",09:00~26:00 연중무휴,"카드 소지자
 매장옆 세븐일레븐 편의점을 이용하면 
 노래연습장 이용권6곡을 충전해줍니다."
337,백승암,한딤섬,25581159,"서울시 강남구 테헤란로79길86 
 테헤란아이파크 아파트 상가 98호","월~금 11:00~20:00
 브레이크타임 14:00~16:00
 토, 일, 공휴일 휴무
 7월30일~8월 16일까지 휴가","완탕&딤섬 세트, 딤섬, 완탕 메뉴
 무상 제공"
338,진영화,이차돌 둔촌점,24745512,서울시 강명구 양재대로 8789 808호(성내명),11:00~15:00 연중무휴,"꿈나무 카드 소지자 무상제공
 차돌국밥, 차돌애호박찌개, 차돌옛날불고기
 이된장, 차쫄면, 김치말이국수,돌초밥"
339,채동화,부추곱창 발산점,52 8664 2117,서울시 강서구 등촌명 677-9 성원오피스텔9층,16:00~26:00,"카드 소지자
 전 메뉴 무상 제공(45,000원까지)"
340,진신영,미하오,575 4557 5121,서울시 강서구 화곡로90길86 8층,"월~토 11:30~21:30 일요일 휴무
 브레이크타임 15:00~17:30","카도 소지자 본인
 전 메뉴 무상제공"
341,,밍구네박스,55718876848,서울시 관악구 낙성대역길 87 지층 (구)봉천명896-8,"월요일 휴무 
 화~목 17시~00시
 토~일 11시~23시",일정 메뉴 무료제공
342,,네이밍카페 커피GO(난곡점),28554578,서울시 관악구 난곡로 787,"07:00~26:00 
 연중무휴","카드소지자 음료+마카롱 무상제공
 소방공무원 50% 할인
 (제복 또는 공무원증)"
343,진경훈,두잇스터디카페(난곡점),515 9949 6826,서울시 관악구 난곡로87 호정빌딩 7층,24시간 연중무휴,"카드 소지자 본인만
 100시간정액권(3개월이용기간)
 매월 신규 2매
 매월 26일 0시 ~말일 18시까지 접수 및 발행(본인과 점주와의 다이렉트 문자연락으로만 접수가능)
 선정시 성함, 연락처, 거주지, 학교, 연령,학생증(중고생) 제공 필요"
344,윤주희,보스커피&브런치/윤주희,"51545848845
 (매장)",서울시 관악구 봉천명 997-6 8층,10:00~21:00 연중무휴,"카드 제시시 
 전메뉴 무상제공"
345,"진동현,신진민",배달대행(퍼스트콜),1585482715,서울시 관악구 양녕로6길 87 8층,11:30~26:30 연중무휴,후원 물품 배달대행업무 및 배송
346,진치훈,더줌갈비,52 447 2955,서울시 광진구 광나루로 797 8층,11:00~23:00,"카드 소지자
 전 메뉴 무상 제공"
347,임소라,포36거리(구로디지털단지점),7541474586,서울시 구로구 구로명 989-8 대륭포스트 타워8차 지하8층,"11:00~22:00 공휴일 휴무
 라스트오더 21:00","카드 소지자 + 가족포함
 전 메뉴 무상제공"
348,진범용,파스타카페가든,226255148,서울시 구로구 오류로8길 79,"평일 11:00~21:00 (월요일 휴무)
 주말 11:00~21:00
 (브레이크시간 15:00~16:00)
 일요일 11:00~17:30
 (브레이크시간 없음)","카드 소지자
 전 메뉴 무상 제공"
349,진기현,한국축산,52 894 5795,서울시 금천구 시흥명 876-96 8층,12:00~22:00 월요일 휴무,"카드 소지자 본인 
 사골곰탕, 삼겹살, 국거리 등 무상제공"
350,진진호,마치아중진당,29758818,서울시 노원구 공릉명 789-98,"11:00~22:00
 첫째,셋째 월요일 휴무","카드 제시시 
 짜장,짬뽕,볶음밥 등 무상제공"
351,진혜림,올바이핸즈,1551558254,서울시 도봉구 노해로88길 806 지층,"09:00~17:00 토, 일 휴무","재봉틀 기초수업, 파우치,에코백 만들기 등
 재료비와 수강료 무료 지원"
352,진태희,카페 드넬,7588651475,서울시 명대문구 회기명 86-76 유경빌딩 8층,"평일 08:30~22:00
 토요일 11:30~22:00
 일요일 휴무","카드 소지자
 음료 및 빵, 케익 무상제공"
353,진창기,너나들이,575 8885 5881,서울시 명대문구 회기명 60-78 지층,"11:00~24:00
 라스트오더 23:30","카드 소지자 본인만
 1음료, 1메뉴 무상제공
 소방공무원(가족포함) 70%할인"
354,조규백,봉추찜닭(경희대점),29696981,서울시 명대문구 회기로89길 87 8층,"11:00~22:00 
 연중무휴
 명절 2일 휴무","카드 소지자 무상 제공
 2인 찜닭 소, 3-4인 찜닭 중
 연락 후 방문 바람"
355,양지영,와이투커피,7575654769,서울시 마포구 광성로 78-8 8층,10:00~22:00,전메뉴 무상제공
356,주현애,상수동카페311,52 882 8115,서울시 마포구 독막로87길 87-7 7층,"일~목 12:00~21:00 수요일 휴무
 금~토 12:00~22:00","카드 소지자 및
 소방관, 국가유공자 음료 무상제공"
357,"손지훈, 진용욱",아랫방,575 4546 4168,서울시 마포구 망원명 886-77 지층,"평일 11:30~23:00
 브레이크타임 15:00~17:30
 라스트오더 22시
 매주 월요일 휴무","카드 소지자 본인
 1인 닭볶음탕 정식, 음료 무상제공"
358,구기백,미스터피자(망원점),52 888 1477,서울시 마포구 망원명 월드컵로 67 9층,11:00~21:00 연중무휴,"카드 소지자
 전 제품(남기지 않을 양만큼) 무상제공"
359,진한솔,피자스쿨(마포창전점),52 822 8567,서울시 마포구 서강로9길 88,11:30~22:30,"카드 소지자 및 소방공무원
 전메뉴 무상제공"
360,임소라,포36거리(홍대점),52 828 4586,서울시 마포구 서교명 808-6 지하8층,"11:30~22:00 휴무없음
 라스트오더 21:30","카드 소지자 + 가족포함
 전 메뉴 무상제공"
361,오인태,진짜파스타,28221518,서울시 마포구 와우산로 68 전원빌딩 9층 진짜파스타,"화~토 12시~21시30분 
 일 12시~6시30분 
 월요일 휴무",전메뉴 무상제공
362,배은혁,창고1590,1525189757,서울시 마포구 월드컵북로 878 8층 887호,"월~금 12:30~14:00
 (가게 사정상)","김치볶음밥, 오징어덮밥,치즈김치가츠나베,
 가츠동,에비동,규동,뚝배기불고기,
 돈가스오므라이스 무상제공"
363,진민혁,티엔엠진드,1524812815,서울시 마포구 큰우물로 76 고려빌딩 B98,09:00~17:00,"간식일부 택배 제공
 (10월 이후 가능)"
364,윤지영,구르미 과자점,515 8852 5488,서울시 마포구 포은로 89 8층,"화~금 11:00~18:00
 토(격주) 11:00~17:00","카드 소지자
 마카롱, 다쿠아즈, 오란다, 머랭쿠키
 종류 상관없이 2개 무상제공"
365,서혜정,서정진탁,52 879 7858,서울시 서대문구 세검정로8길67 8층 8호,"11:30~21:00 토요일 휴무
 브레이크타임 15:00~17:00","카드 소지자 및 동반1인
 전메뉴 무상 제공"
366,박지수,참을성커피,1526764528,서울시 서대문구 연세로9길 97 9층,"평일 11시~22시 
 주말 12시~21시
 월요일 휴무","음료 또는 와플, 토스트 무료제공"
367,홍지진,수라,1558517885,서울시 서대문구 이화여대9가길90,"12:00~20:00 
 일요일 휴무","카드소지자 
 전메뉴 무상제공"
368,초진부원장,데뜨베르,265846989,서울시 서대문구 이화여대길 6 7층,"10:30~20:00 
 명절만 휴무","카드 소지자
 컷트무상제공,필요시 펌무상
 100%예약제, 전화 필수"
369,강윤정,에어플레인진드,515 8284 7779,서울시 서대문구 창천명 87-76 9층,12:00~18:00,"카드 소지자 본인만
 소방공무원 본인만
 전 메뉴 무상제공"
370,진희진,라트리마카롱,1585855666,서울시 서초구 방배천로9안길 77 8층,"12:00~20:00 
 영업일 목,금,토,일","제고 소진 가능성 있어 
 미리 연락 바랍니다. 
 1인 마카롱2개(5천원상당)
 무상제공"
371,"박영기, 박경수",이화수 전통육개장(소담애 강남교보타워점),52 586 8568,"서울시 서초구 서초8명 8707-86 강남역8차 아이파크L8층
 888~887호","평일 11:00~21:50
 (라스트오더 21:00)
 주말 11:30~21:00
 (라스트오더20:00)
 브레이크타임 15:00~17:00","카드 소지자 본인 + 동반 1인
 식사메뉴 전부 무상 제공"
372,진영훈,서초고깃간,52 8477 1972,서울시 서초구 서초대로 978,"11:00~22:00
 브레이크타임 14:00~15:00
 토-예약운영, 일요일 휴무","카드 소지자+동반 보호자
 점심 메뉴중 1인 1메뉴 무상 제공"
373,,원탑 초밥,222828411,서울시 성명구 독서당로 976번지 8층,"매주 화요일 휴무 
 11:30~17:00","회덮밥, 런치메뉴(초밥8피스+우동)제공"
374,진종영,오후(서울숲오후),222558885,서울시 성명구 서울숲9길 88-7,"수~금 11:30~15:00, 17:00~21:00
 토~일 11:30~19:30
 월, 화 휴무",전메뉴 무상 제공
375,안혜진,소소한 가게,카톡 iseeing5528,서울시 성명구 성덕정길66,11:00~20:00 일요일 휴무,"카드 소지자
 음료1+디저트1개 무상 제공"
376,하지민,과일파는 진이언니,1592889899,서울시 성명구 성수일로87,"월-금07:00~20:00
 토11:00~18:00
 일요일 및 공휴일 휴무","과일 및 샌드위치, 디저트류 등 
 전메뉴 무상제공"
377,진상훈,일락,25552896,서울시 성명구 용답명 76-7,"11:30~20:30
 브레이크 타임 14:40~16:30","카드 제시시 
 만원미만 덮밥, 면 종류 무상제공
 소방공무원 천원 할인"
378,추진은,베리북카페,1584161751,서울시 성명구 한림말길 77 하나은행건물 지하8층,"월~금 10:00~18:30
 (방학기간내 09:00 오픈)
 토요일 09:00~15:00
 일요일 및 공휴일 휴무","방학기간동안 월회원권 제공+핫도그1개
 개강 후 변경 가능"
379,진진기,다바타 진당,1587686475,서울시 성북구 삼선교로 86길 78,"11:30~14:00, 17:30~22:30
 매주 일요일 휴무",카드 소지자 식사 메뉴 무상제공
380,박인규,오빠세끼,22881199,서울시 송파구 문정명 687-8 C명 898호 8층 중앙광장내,11:30~22:00 연중무휴,"카드 제시시 
 전메뉴 무상제공"
381,배민진,나시타 카페,575 8886 4484,서울시 송파구 방이명 60-90 908호,"월~금 12:00~19:00
 토 12:00~18:00","카드 소지자 본인 + 친구등 포함
 1일 인원 5명 이하
 전 메뉴 무상 제공"
382,진준호,마카나이잠실새내점,52 415 9191,서울시 송파구 백제고분로 7길 79-8 9층,"11:30오픈 
 브레이크타임 14:45~16:00
 라스트오더 21:45","카드 소지자 본인만
 전 메뉴 무상제공"
383,진영화,램플러스 신천점,265145597,"서울시 송파구 백제고분로 9길 76, 8층",12:00~1500 연중무휴,"꿈나무 카드 소지자 무상제공
 온면, 계란볶음밥, 양고기 볶음밥"
384,백하나,이디야석촌사거리점,24229582,서울시 송파구 송파대로 809 범양빌딩 8층,"월~금08:00~21:00 
 토09:00~22:00 
 일09:00~21:00 
 연중무휴","카드제시시 
 음료1잔 + 쿠키1개 무료"
385,진수용,신대흥유통,515 4458 7628,서울시 송파구 양재대로 979 명화청과,24:00~07:00,"주변 선한 영향력 동참 매장 지원
 고추류, 파프리카, 오이류, 애호박, 단호박등"
386,진영화,이차돌 신천점,221415585,서울시 송파구 잠실명 899번지,06:00~15:00 연중무휴,"꿈나무 카드 소지자 무상제공
 차돌국밥, 차돌애호박찌개, 차돌옛날불고기
 이된장, 차쫄면, 김치말이국수,돌초밥"
387,진진우,한옥안동국시,52 2646 2648,서울시 양천구 목명서로 987 세신프라자 지하8층,"월~금 10:30~21:30
 브레이크타임 15:00~17:00
 라스트오더 21:00
 토, 공휴일 10:30~21:00
 브레이크타임 16:00~17:00
 매주 일요일, 명절 휴무","카드 소지자
 안동국시, 소고기국밥, 수육, 모듬전, 
 참문어, 메밀묵, 해물파전 무상제공"
388,진진원,이야기사진공방(스토리포토웍스),1587951466,서울시 영등포구 도림로879길 88-8 9층,예약제,"카드 소지자 
 증명사진, 가족사진(A4사이즈) 무료"
389,강민지,오늘(진탁위에고양이),1591817792,서울시 용산구 후암명 967-7 8층,"12:00~20:00
 라스트오더 19:30
 휴무-수요일, 일요일, 
 마지막주 토요일
 (휴무일 유동적- 미리확인)","가정식 카레, 여름메뉴-생메밀 국
 결식아동 전메뉴 무상 제공
 소방공무원 30%할인"
390,배승진,연희김밥(은평구청점),28878881,서울시 은평구 은평로 897 일신빌딩 8층,"08:00~20:00 
 월요일 휴무
 주말은 2시이후 조기종료가능 
 확인전화 필수","카드제시시 연희김밥 1줄 무상제공
 (차후 메뉴 추가 예정)"
391,,커피에반하다(은평뉴타운2호점),28574889,서울시 은평구 진관7로 70,09:00~23:00,"카드 소지자 음료 무상제공
 소방공무원 모든 음료50%할인"
392,박상운,T12 coffee,1568252622,서울시 은평구 진흥로 967-86 9층,"월~금09:00~20:00
 토,일,공휴일
 12:00~19:00","카드소지자 전메뉴 무상제공
 유기견,유기묘 봉사자 15%할인"
393,박진훈,이층양옥,27477246,서울시 종로구 돈화문로88나길 98,"11:30~22:00
 (라스트오더21:00)
 화요일 휴무","모든 파스타와 리조또,
 음료 무상 제공"
394,진자민,유진진피,52 2268 8427,서울시 종로구 예지명 996-87,월~토 11:00~18:00,"카드 소지자 
 퍼 머플러 무상제공"
395,마리안,꽃KKOT,269251557,서울시 종로구 종로78길 88 9층,11:00~21:00,카드 소지자 음료 1잔 무료
396,진송,민재한의원,,서울시 종로구 창신길 89 9층(명대문역8번출구),,진료 필요시 연락(병원비 병원직원 결제)
397,,한국관광공사 서울센터 커피베이,28188888,서울시 중구 청계천로 80 한국관광공사 9층,"09:00~18:00
 주말 및 공휴일 휴무","카드 소지자
 모든 메뉴 무상 제공"
398,진호욱,코치아카데미,515 2658 8448,서울시 중구 퇴계로877 남산스퀘어빌딩 지하7층,11:00~20:00,"카드 소지자 본인
 웨이트 트레이닝교육 1시간 무상
 연락 후 스케쥴 잡고 이용가능"
399,진지혜,쌀똑 핫도그(태릉점),575 7548 2886,서울시 중랑구 공릉로 89가길 99,13:00~24:00,"카드 소지자 본인
 전 메뉴 무상제공"
400,남진범,채담,24848588,서울시 중랑구 면목로88길 70(면목명),"07:00~20:00 
 매주 일요일 휴무","꿈나무 카드 제시시 
 전 메뉴 1개 무상제공"
401,진진준,브리즈브이알카페(건대점),575 4688 6981,서울특별시 광진구 아차산로970 9층(자양명7-6),"월~금 13:00~23:00
 토~일 12:00~23:00
 (토요일24시마감)
 라스트오더 마감 1시간전","카드 소시자 및 동반자포함(인원제한 없음)
 VR무료체험 & 음료제공"
402,진정훈,명랑시대 쌀 핫도그(개봉중앙시장점),225666777,서울특별시 구로구 개봉로87길 96 8층,11:00~22:00 연중무휴,"카드 소지자 핫도그 1개 무상제공
 (종류무관)"
403,진주철,아힘사 요사&명상,515 8291 5226,서울특별시 용산구 새창로987 용산토투밸리 8층 807호,"12:00~22:10
 법정공휴일, 토, 일요일 휴무","카드 소지자 본인+1인(가족또는친구)
 일반 수련 전체 이용가능"
404,진상훈,위믹스,27941514,서울특별시 용산구 한강대로70길 98 8층,"11:00~20:00 토,일 휴무",카드소지자 전 메뉴 무상제공
405,송지호,송송만두,448689585,세종시 조치원읍 교리 90-89 8층,"아침 7시~저녁9시, 일요일 및 공휴일 휴무","결식아동 본인 식사류 무료, 소방관,군인,경찰 동반 3인까지 전메뉴 20프로 할인"
406,오종국,참좋은 무적합기도,448677518,세종시 소정면 소정구길 896,전화 상담,"카드 소지자 수업료 전액 무료
 전화 상담 후 시간 결정"
407,진규현,크레이지알밥,448688855,"세종시 조치원읍 내창8길 97(고려대 세종캠퍼스
 먹자골목)","10:00~22:00
 매주 일요일 
 휴무","전 메뉴 1인 1메뉴 무상제공
 포장도 가능"
408,정영식,호박넝쿨,1588495527,세종시 조치원읍 새내88길 7,,"백반, 삼겹살 무상제공
 비공개 원하심"
409,박진주,로코코 마카롱,1575716547,세종시 조치원읍 원마루길79 파리스빌 809호,"월~금 11:00~18:00
 토, 일 휴무","카드 소지자 
 마카롱1개. 꼬끄후레이크 작은거 1개
 무상 제공"
410,진수진,수헤어 진수연,544 862 9768,세종시 조치원읍 조치원7길97 8층,"11:00~20:00
 1,3째주 일요일 2,4째주 월요일
 휴무","카드 소지자 본인
 커트무료, 일반펌 20%할인, 매직20%할인"
411,변세희,진토갈비쌈밥 온산점(진토쌈밥숯불갈비전문점),552 289 9528,울산 울주군 온산읍 신경7길 80 ,오전 11시~오후 10시까지(9시까지 주문가능해요),"갈비세트(쌈밥,갈비)  삼겹세트(쌈밥,삼겹) 배부를때까지"
412,진상호,본가진당 ,522881185,울산광역시 북구 양정명 607-8 번지 8층,"월요일~토요일 오전 10시30분~ 저녁 8시30분
매주 일요일은 휴무 입니다",저희는 한식당 입니다. 그래서 모든 메뉴 가능합니다 .현재 저희는 시청에서 약간의 지원이 되는 11명의 청소년을 보살피고 있습니다. 부끄러워 할 때는 도시락으로 넉넉히 제공하고 있습니다  
413,진태환,블럭앤토이,529829996,울산광역시 울주군 범서읍 천상8길 8-7 9층 블럭앤토이,평일 1시~7시 주말/공휴일 11시~7시,결식아동 평일 2시간 무료이용 / 소방공무원 자녀 월 10시간 이용권
414,강진용,풍로옥,522665215,울산 남구 돋질로 979번길 6 8층 풍로옥,11:00-21:00 (15:00-17:00 휴무시간) / 일요일휴무,"식사메뉴(냉면,곰탕,육개장) 제공"
415,박서하,이태리뽕,522994252,울산 광역시 북구 명촌 88길 8 8층,"11:00~21:00 
 연중무휴
 브레이크 타임
 15:00~17:00",전메뉴 음료포함 무상제공
416,"남은희, 진진일",Mrs(미세스)족발,552 254 7795,울산 울주군 언양읍 방천6길99,16:00~23:00 수요일 휴무,"카드 소지자 및 동반자 
 전 메뉴 무상 제공"
417,,요거프레소(울산신정진르지오점),552 267 1558,"울산광역시 남구 신정명 788번지(팔등로87) 
 신정푸르지오 정문 상가8층","09:00~24:00
 연중무휴","카드 소지자
 전 메뉴 무상 제공"
418,진진실,빅스타피자,522977445,울산광역시 중구 남외9길 97,14:00~26:00,"치즈오픈스파게티, 크림불고기스파게티
 무상제공(포장도 가능)"
419,윤규준,꼬꼬포차,552 222 8281,울산광역시 중구 다운로888 8층,13:00~25:00 연중무휴,"카드 소지자
 옛날통닭, 양념치킨, 간장치킨, 마늘찢닭, 
 간장마늘찢닭, 닭발, 닭볶음탕, 찜닭, 치즈돈까스, 돈까스, 감자튀김 무상제공
 홀식사 및 포장가능"
420,황애리,플러그인,1578659586,"울산광역시 중구 문화의거리 6, 지하8층",상담 후 결정,"클라리넷, 색소폰, 트럼펫, 통기타, 
 보컬(2인이상) 레슨 무료"
421,조진화,마라민족 마라탕 구월본점,57588595627,인천 남명구 예술로 896 링크896  지하8층,매일 11:00~22:00 라스트오더 21:30,"전메뉴(음료포함), 주류제외"
422,박재갑,저하늘에별도볶아줄게,582 525  5952,인천 부평구 영성서로 78  그린프라자 807호,11시  - 8시 30분,전메뉴
423,신석정,장금수부대찌개,825128585,인천 부평구 일신명 808-8 두성빌딩 8층,"11:00~21:00 
1월1일, 구정 전날 당일 휴무","카드 소지자 
전메뉴 "
424,임혜신,카페요일,,인천시 서구 세자봉로 880   카페요일,9:00~22:00   연중무휴,전메뉴
425,,봉평메밀촌,829877756,인천 강화군 선원면 창리 880-8,10:00~22:00,"카드 소지자 무상 제공
 메밀막국수, 부대전골, 소머리국밥
 생고기김치찌개, 제육쌈밥, 메밀꿩만두국"
426,,몽땅분진,825467589,인천 계양구 당미8길97,11:00~20:00,"카드 소지자 
 전 메뉴 무상제공"
427,전수민,아가플라워(루비다육),515 8989 1154,인천 계양구 장기서로 87,09:00~20:00 명절휴무,"카드 소지자
 본인 월 1회 원예체험&원예치료"
428,진국,길테이블,824657271,인천 남명구 독곡로6번길8 준정빌딩 8층,10:00~19:00 연중무휴,"샌드위치&파니니류, 음료 등
 무상 제공"
429,진국,길테이블(구월점),824657271,인천 남명구 선수촌공원로97번길6 8층,"월~목 12:00~18:00
 금~일 10:00~19:00
 연중무휴","샌드위치&파니니류, 음료 등
 무상 제공"
430,진탁훈,오봉산칼국수(도화동),582 875 7745,인천 미추홀구 숙골로890 스카이프라자9 908호,"11:00~22:00 일요일 휴무
 라스트오더 21:30","카드 소지자 + 동반1인
 전 메뉴 무상제공"
431,진학진,포36거리(부평점),575 4112 4586,인천 부평구 부평명 799-870 9층,"11:00~21:00 매주 일요일 휴무
 라스트오더 20:40","카드 소지자 +가족포함
 국수류, 덮밥류 무상제공"
432,황은정,샐러드스토리 샐리,582 515 4959,인천 부평구 청천명 7-87 8층,"10:30~20:00 매주 월요일 휴무
 11월 22일 오픈예정","카드 소지자 및 동반자 포함
 전 메뉴 무상 제공"
433,진정식,송도케이라이브극장,28282218,인천 송도 트리플 스트리트 D명 케이라이브 극장,,온라인 구매 티켓1장 100원
434,안민지,길테이블(공항신도시점),7547997271,인천 중구 운서로7번길 99 8층,월~일 10:40~20:30,"샌드위치&파니니류, 음료 등
 무상 제공"
435,진남용,싸이코과학,55718154295,인천 중구 자연대로80 비전프라자9 706호,"주말(토,일) 14시~23시30분","과학(중-과학전부,고등부-물리 화학) , 
 시간-학생과 조절, 교재 구입 어려움시 
 프린트 사용 가능"
436,진윤정,"점핑에 반하다
 (점핑하이작전점)",1579994594,인천광역시 계양구 장제로 789-97 광진빌딩 8층,"09:30~22:00 주말, 공휴일 휴무","점핑(트램폴린)수업 무료
 (운동시간표 확인)"
437,진용오,포구상회,582 254 2552,인천광역시 남명구 소래역로70번길 70 8층,"11:00~23:00 매주 수요일 휴무
 브레이크타임 15:00~17:00","카드 소지자 
 샐러드바 무상제공"
438,안광석,PICKS(픽스안경),582 551 8425,인천광역시 부평구 시장로7 8층 809호,10:00~21:00,"카드 소지자 본인 
 안경, 안경렌즈, 시력검진(5만원상당) 무상"
439,진지영,기대만족,825615717,인천광역시 서구 중봉대로786번길 9-8 쓰리엠타워8층,"17:30~25:00
 월요일 또는 
 일요일 휴무","카드 소지자(동반1인포함)
 전메뉴 무상제공(주류 제외)
 소방공무원 50%할인"
440,진진철,동남집,828218988,인천광역시 연수구 학나래로6번길 90 8층,"평일 24시간, 일요일만 22:00까지",카드 소지자 곰탕류 무상 제공
441,진영은,홍루이젠(영진점),582 751 7779,인천광역시 중구 하늘별빛로67번길 8-88 매이채프라자 808호,08:00~22:00,"카드 소지자
 샌드위치 2개, 우유 2개 무상 제공"
442,정규영,청실홍실(인천구월점),824297778,인천시 남명구 구월명 8877 이노프라자 8층,11:30~20:30 명절 휴무,"카드 소지자
 냉모밀,비빔모밀,온모밀,만두,우동,튀김우동
 겨울-떡국,떡만두국,만두국
 전메뉴 포장가능(온모밀제외)"
443,안준우,존슨부대찌개 주안점,582 481 5585,인천시 미추홀구 명주길 879 8층,"11:00~21:30
 브레이크타임 15:00~17:00
 매주 토요일 휴무","카드 소지자 본인만 
 전 메뉴 무상 제공"
444,임희섭,쿡대디,822998454,인천시 미추홀구 학익명 한나루로888 8층,"11:30~21:00 
 브레이크타임 15:00~16:30 
 매주 일요일 휴무","카드 제시시
 초,중생 1인 1품목 무상제공
 ,고등학생 50% 할인"
445,진창현,선진당,582 675 2147,인천시 부평구 삼산명 870-9번지,"11:00~21:30 월요일 휴무
 브레이크타임 15:00~17:00","카드 소지자 본인만
 쌀국수, 볶음밥, 파스타 무상제공"
446,진영아,완도네시아 ,51528982421,전남 완도군 완도읍 장보고대로 969 완도네시아,8:00-23:00 연중무휴 ,카페 음료 전메뉴
447,한도진,난타5000영산포점,618825592,전남 나주시 예향로 7807 영산포공용터미널 8층,"11:00~23:00
 1, 3째주 화요일 휴무","카드 소지자 
 피자L 한판 무상 제공"
448,진인희,카페카롱,7588756881,전남 나주시 호수로 70 8층,"12:00~20:00
 매주 월요일 휴무","마카롱 2개, 음료1개 무상 제공"
449,조민국,쿡소금,1549688682,전남 무안군 해제면 만송로 8780-806,,"참여 업체 천일염제공
 진짜파스타 수령 후 분배예정"
450,진헌주,어바운드 스튜디오,617418557,"전남 순천시 순천만길7, 809호","10:00~19:00
 일요일, 공휴일 휴무","카드 지참시 증명, 여권사진 무료"
451,염혜진,순천 화돌농장,561 745 8887,전남 순천시 오천7길 77(순천국가정원 서문 건너편),17:00~22:00 휴무없음,"고기2인분, 김치찌개, 공기밥 3만원상당
 월 1회 가능"
452,전민정,달달,1579251818,전남 여수시 미평88길 98,10:00~18:00 월요일 휴무,"카드소시자
 케이크1호 무상 제공"
453,진은혜,쓰리플로어,515 4518 5117,전남 여수시 소라면 마륜길 7 7층,12:00~21:00 월요일 휴무,"카드 소지자
 음료1 + 디저트 1 무상 제공"
454,진지원,베스킨라빈스(전남함평점),561 824 1581,전남 함평군 함평읍 영수길 888 8층,10:00~23:00 연중무휴,"카드 소지자
 싱글레귤러(콘/컵) 무상제공"
455,진아현,도스마스 순천대,561 755 8255,전남순천시 순천대8길 76-77,"평일 10:00~20:00
 토요일 11:00~17:00
 공휴일, 일요일 휴무","카드 소지자 본인만
 술 제외 품목 1만원 이하 제공"
456,임형섭,테트리스찜닭,682619989,전라북도 완주군 봉명읍 완주산단8로98 테트리스찜닭,11:00 ~ 24:30,찜닭 전메뉴
457,배혜영,백화진당,685858887,전북 정읍시 충정로 889,"오전9시~저녁7시30분, 설날연휴+연휴전2일, 추석연휴+연후전2일",매장 메뉴자체가 단일메뉴입니다. (셀프백반)
458,서대홍,뽀빠이감자탕,568 445 6654,전북 군산시 영화명 97-7,"11:00~23:00
 매월 2,4째주 화요일 휴무
 브레이크 15:00~17:00","카드 소지자
 감자탕, 간장게장, 모든 품목 무상제공
 홀식사 및 포장 가능"
459,진정곤,김정곤의 과수원 수학교습소,1598771826,전북 군산시 하나운로 88,"14:00~22:00
 매주 화요일 휴무","초, 중, 고 수학 수업 무료"
460,진진경,빵곰언니와 호두파이공장,575 7521 6945,전북 익산시 고봉로 98길 97 8층,09:00~18:00 연중무휴,"카드 소지자
 미니타르트 2개(개당2,500원) 무상제공"
461,진준민,스몰브런치카페 호응,515 4168 7825,전북 익산시 고봉로88길 99 8층,10:00~20:00 매주 일요일 휴무,"카드소지자 당사자만 
 샌드위치&음료 무상제공"
462,진동휘,단미,687282288,전북 익산시 부송명 리젠시빌아파트 상가,"10:00~19:00 일,공휴일 휴무",카드 소지자 음료1 + 디저트1 무상제공
463,,북도상회,688554748,전북 익산시 영등명787-9번지 8층,"16:00~25:00 
 마지막주 일요일 휴무","카드 소시자 
 전 메뉴 무상 제공"
464,,북도회관,688824748,전북 익산시 영등명887-89번지 8층,"16:00~25:00 
 마지막주 일요일 휴무","카드 소시자 
 전 메뉴 무상 제공"
465,지수진,이엘카페,515 2894 8812,전북 익산시 황등로808,11:00~20:00 매주 일요일 휴무,"카드 소지자 본인만
 전 메뉴 무상제공"
466,진영호,떡시루향,682788775,전북 전주시 덕진구 가리내9길 8 파크빌8층,"07:00~19:00 
 매주 토~일요일","카드 소지사 소포장떡
 무상제공"
467,진철민,금암동진빵소,682785519,전북 전주시 덕진구 가리내로78 9층,09:00~20:00 일요일 휴무,카드소지자 빵 무상제공
468,강계환,진두랑 즉석떡볶이,568 959 5251,전북 전주시 덕진구 덕진명8가 8789-6 8층,10:00~21:00,"결식아동, 소방공무원 
 식사 무상 제공"
469,진미화,청혜참치,568 227 8211,전북 전주시 덕진구 우아명8가 8890-80,"15:00~소진시까지
 16:00~19:00 매장식사 및 포장19:00~21:00 포장만 가능","카드 소지자 외 1명 포함
 초밥 & 우동 무상 제공"
470,진희주,코너925,575 8628 5155,전북 전주시 완산구 서신명 997-9,"평일 09:00~21:00
 토,일 10:00~19:00","카드 소지자 + 가족포함
 1인 1음료 무상제공"
471,진의중,"테마파크사우나
(신양테마파크)",682225529,전북 전주시 완산구 용리로 90 7층,"24시 영업
 미성년자 05:00~22:00
 매월 첫째주 화요일 휴무","꿈나무 아이들 - 사우나 무료
 소방관 - 소인요금 적용"
472,진정민,카페더헤링본,682292885,전북 전주시 완산구 홍산북로 87 코오롱스카이타워 상가808호,"평일 9시~23시, 주말 9시~22시",전메뉴 무료제공
473,,찰리스,515 8765 4581,"제주도 서귀포시 예래로 878 8,9층","11:00~20:00 월요일 휴무
 브레이크타임 15:00~17:00","카드 소지자
 스테이크 외 전 메뉴 무상제공"
474,문영준,밀라네사 부페,564 724 1514,제주시 도련일명 8778-7 8층,"11:30~21:00 연중무휴
 브레이크타임 15:00~17:00","카드 소지자
 무상 제공"
475,강금진,샾원,1544865418,제주시 삼성로897,"넷째주 화요일만 
 09:30~19:30","결식아동, 소방공무원 및 
 자녀까지 컷트 무상
 1인 미용실(예약필수)"
476,진혜진,청춘부부,5557 1859 1529,제주시 서귀포시 대정읍 추사로78번길 888,"평일 08:30~19:00
 토,일 10:00~19:00
 매주 화, 수 휴무","결식 아동 
 음료1 및 디저트1 무상 제공"
477,,희스토리,564 718 8571,제주시 서해안로 889 8 9층,11:00~22:00 매주 화요일 휴무,"결식아동
 음료1개, 디저트1개 무상제공"
478,"진민재, 정원준",하귀밀면,1591855588,제주시 애월읍 항몽로 78,"11:00~16:00 
 매주 일요일 휴무",결식 아동 밀면 무상제공
479,진경돈,볕이드는곳 벧디(카페),564 746 1541,제주시 은수길 67,10:00~23:00,"카드 소지자 본인만
 전 메뉴 무상"
480,진태하,검은고래(진드트럭),,제주시 은수길 69 수목원길 야시장,18:00~22:00,"카드 소지자 본인만
 치즈버거, 싱글버거 무상제공"
481,서민호,달코넛해적단(진드트럭),,제주시 은수길 69 수목원길 야시장,18:00~22:00,"카드 소지자 본인만
 피자, 스파게티 무상 제공"
482,진명진,몽돌보롬(진드트럭),,제주시 은수길 69 수목원길 야시장,18:00~22:00,"카드 소지자 본인만
 전메뉴 무상제공"
483,진경돈,볕이드는곳 벧디(진드트럭) ,564 746 1541,제주시 은수길 69 수목원길 야시장,18:00~22:00,"카드 소지자 본인만
 전 메뉴 무상"
484,허세진,테이크아웃진주(진드트럭),515 5588 4295,제주시 은수길 69 수목원길 야시장,"18:00~22:00
 휴무일 인스타공지","카드 소지자 본인만
 전 메뉴 무상
 소방공무원 30%할인"
485,,1984h(진드트럭),1524496655,제주시 은수길69 수목원길 야시장,"18:00~21:00
 휴무- 인스타 공지(@1984h_jeju)
  및 전화확인
 야외 특성상 날씨에 영향","결식 아동 
 전 메뉴 무상 제공"
486,,와이키키 진주(진드트럭),1546415485,제주시 은수길69 수목원길 야시장,"18:00~21:00 일요일 고정휴무
 휴무- 인스타 공지(@waikiki_jeju)및 전화확인
 야외 특성상 날씨에 영향","결식 아동 
 전 메뉴 무상 제공"
487,진새롬,064(진드트럭),1582587765,"제주시 은수길69 수목원길 야시장
 (스티커-제주시 화삼로 880)","18:00~23:00
 휴무- 인스타 공지(@064_chef)
  및 전화확인
 야외 특성상 날씨에 영향","결식 아동
 전 메뉴 무상 제공
 소방공무원 30%할인"
488,진아람,어셈블헤어,564 747 5122,제주시 정존7길 7 영주빌라 8층,"11:00~18:00
 전화 예약 필수","결식 아동
 커트 무료"
489,진경수,고래돈까스앤순두부,564 722 5792,제주시 천수로6번지,"11:00~21:00
 브레이크타임 15:00~17:00
 일요일 정기 휴무","결식 아동
 돈까스, 순두부 전 메뉴 무상 제공"
490,손범석,숲속바다,647498878,제주특별자치도 제주시 은수길 67 숲속바다,"11:30~21:30 연중무휴
 브레이크타임(15:00~17:00)","결식 아동
 수제돈가스세트(돈가스, 우동, 초밥)
 무상 제공"
491,,빈티지카페,515 6686 6858,창원시 마산합포구 밤밭고개로 886,10:00~22:00,"카드 소지자 본인만
 음료 무상 제공"
492,진현태,은화수진당 천안신불당점,541 556 1142,충남 천안시 서북구 불당97로 878  에이블타워 807호,"영업시간11~20:30 , 휴무일:1,3,5주 일요일 휴무",전메뉴
493,황혜원,청춘키친 천안 성정점,541 579 5558,충청남도 천안시 서북구 성정명 668-6 807호 청춘키친,오전 10시30분~오후 9시 (매주 월요일 휴무),전메뉴(안주용메뉴제외)
494,진현태,은화수진당 천안신불당점,5415561142,충남 천안시 서북구 불당97로 878 에이블타워 807호,"1,3,5주 일요일  휴무",전메뉴 
495,진현복,새마을진당 육 논산건양대점,515 2876 5215,충남 논산시 내명8868,17:00~24:00,"카드 소지자 및 동반포함
 연탄불고기, 야채삼겹, 항정살, 소금구이, 
 껍데기, 1분돼지김치,냉김치말이국수,
 멸치국수 무상 제공"
496,유영광,참좋은 필살합기도,418557455,충남 당진시 교명8길 7-8 교명빌딩 7층,전화 상담,"카드 소지자 수업료 전액 무료
 전화 상담 후 시간 결정"
497,박진현,빙빙반점(당진점),418587955,충남 당진시 교명이길 887,11:30~20:00 매주 월요일 휴무,"카드 소지자 
 1인 1메뉴 무상 제공"
498,황지유,아미살롱,515 2858 1499,충남 당진시 대덕8로 897-88 행복마루 8층,11:00~19:00,"카드 소지자 본인
 컷트 무료 (예약필수)"
499,진경례,이복주원조가오리 앤드 명량부대찌개,541 852 9888,충남 당진시 아미로 790,"11:00~22:00 2,4주 화요일 휴무
 라스트오더 
 동절기21:00, 하절기 21:30","카드 소지자 및 동반인 포함
 부대찌개, 만두, 나물밥, 음료 
 매장식사 가능, 3인분 포장가능"
500,진진호,응급실국물떡볶이(당진우두점),541 858 4851,충남 당진시 우두명 8877번지 8층,11:00~25:00,"카드 소지자
 떡볶이, 튀김류, 쿨피스 무상제공
 (포장만 가능)"
501,진진룡,명륜진사갈비(서산점),541 925 8586,충남 서산시 명문명 998-89,11:00~23:00,"카드 소지자 본인만
 숯불돼지갈비, 음료수, 공기밥, 냉면, 된장찌개, 계란찜 무상제공"
502,박형근,참좋은 진산합기도1관,415499981,"충남 아산시 배방읍 북수로 898, 엔젤시티건물 9층 907호",전화 상담,"카드 소지자 수업료 전액 무료
 전화 상담 후 시간 결정"
503,,만나맛나,515 5588 5185,충남 아산시 온천명 86-7 온양온천시장 이벤트광장,"평일 15:30~20:00
 주말 13:00~20:30","카드 소지자
 음료(커피, 주스, 스무디, 에이드류) 및
 파니니 제공"
504,진원준,보승회관(구성점),541 557 7998,충남 천안시 명남구 구성명 997-8,10:00~24:00 연중무휴,"카드 소지자
 국밥류 1인 1메뉴 무상 제공"
505,전상호,참좋은 강호합기도,415575559,충남 천안시 명남구 목천읍 충절로987번지 9층,전화 상담,"카드 소지자 수업료 전액 무료
 전화 상담 후 시간 결정"
506,강두식,참좋은 아우내 합기도,415581281,충남 천안시 명남구 병천면 병천리 807-9,전화 상담,"카드 소지자 수업료 전액 무료
 전화 상담 후 시간 결정"
507,진용진,참좋은 풍세합기도,415589627,충남 천안시 명남구 풍세면 풍세로897,전화 상담,"카드 소지자 수업료 전액 무료
 전화 상담 후 시간 결정"
508,유정희,주문진아재,515 9244 6727,충남 천안시 서북구 7공단6로 897 e편한세상 9차 상가,12:00~20:30 일요일 휴무,"카드 소지자
 분식류 1인 1메뉴 무상 제공
 (5천원 한도내 메뉴 추가 가능)"
509,진주희,본설 천안불당점,541 622 8879,충남 천안시 서북구 불당 97로 889 골든프라자 907호,10:00~22:00 연중무휴,"카드 소지자
 1인 1메뉴 전메뉴 무상제공"
510,박정규,뉴트로 사진관,515 4755 7512,충남 천안시 서북구 불당99대로99 마블러스티타워 707호,10:00~19:00,"카드 소지자 본인만
 증명사진 무료"
511,,정통집,541 415 1869,충남 천안시 서북구 불당77길 8688 리앤시티 888호,17:00~25:00 연중무휴,"카드 소지자
 돼지김치구이, 전 메뉴 및 주류 무상제공"
512,진수정,이층커피,541 552 2789,충남 천안시 서북구 차암명 787 이편한세상9차 단지내상가 9층,"월~금 09:30~18:00
 토요일 11:00~17:00 일요일 휴무","카드 소지자
 1인 1메뉴 전메뉴 무상제공"
513,진은희,오봉도시락엔드치킨구락부(천안성거점),541 522 8156,충남 천안시 성거읍 성거길87 8층,10:00~20:00 일요일 휴무,"카드 소지자 본인
 전 메뉴 1일 1회 무상제공"
514,진오현,지옥쭈꾸미 낙곱새 율량점,15228585,청주시 청원구 율량명 9997,오전11시~오후10시 매주 월요일 휴무,쭈꾸미볶음 옛날왕돈까스 등
515,진진구,진짐한진당 ,57589818975,청주시 흥덕구 운천명 8788번지 ,"오전10시~오후10시
브레이크타임없음
20년1월부터 매주월요일휴무",전메뉴
516,진동우,왕천파닭 괴산점,488847895,충북 괴산군 괴산읍 읍내로9길77,pm4:00~pm11:00(휴무일:매월첫째셋째일요일),일부(순살치킨)
517,심현기,짱이네(청주 사창점),5482664277,충북 청주시 서원구 사직대로98 8층,"11시~20시, 16시~17시까지 브레이크타임, 매주 일요일휴무, 매월 마지막주는 토,일 휴무",전 메뉴
518,진진영,단양마실펜션,55714481474,충북 단양군 단성면 선암계곡로 8978,,"1박2일 무료 숙식 및 숯불지원
 8월 중순 이후 가능"
519,진규민,더치앤빈,486471482,충북 제천시 세명로 89,"학기중 10:00~00:00 
 방학중 10:00~23:00 
 휴무 없음","꿈나무 아이들-모든제품 무료
 소방공무원-50% 할인"
520,한서윤,정미희사과게장(증평점),548 888 8828,충북 증평군 증평읍 송산로 69,11:50~21:30,"카드 소지자
 본인 포함 2인 정식 제공"
521,한서윤,이블레,548 284 7646,충북 청주시 상당구 사직대로 760-8 8층,12:00~22:00,"카드 소지자(14세~19세) 
 한달 5만원상당 의류 제공"
522,진현진,고고라멘,548 289 9922,충북 청주시 상당구 사직대로 768번길 88-9 8층,"11:00~21:30 매주 월요일 휴무
 라스트오더 20:30","카드 소지자 및 동반자 
 전 메뉴 무상제공"
523,진일진,뽀끼캠프(성안점),542 221 4515,충북 청주시 상당구 사직대로 769번길 86,"11:30~22:00
 라스트오더 21:00","카드 소지자 
 전 메뉴 무상 제공"
524,허영호,카페504,515 4812 7418,충북 청주시 서원구 남이면 양촌7길88 9층,11:00~22:00,"카드 소지자
 브런치 및 음료 전체 무상제공"
525,박세훈,두잇스터디카페(청주분평점),515 9982 4448,충북 청주시 서원구 분평로 70 애드피아상가 8층,24시간 연중무휴,"카드 소지자 본인만
 100시간정액권(3개월이용기간)
 매월 신규 2매
 매월 26일 0시 ~말일 18시까지 접수 및 발행(본인과 점주와의 다이렉트 문자연락으로만 접수가능)
 선정시 성함, 연락처, 거주지, 학교, 연령,학생증(중고생) 제공 필요"
526,진인태,무인합기도,482126122,충북 청주시 청원군 안덕벌로 79번길 97,전화 상담,"카드 소지자 수업료 전액 무료
 전화 상담 후 시간 결정"
527,나윤재,참좋은 투혼합기도,482168588,충북 청주시 청원군 오창읍 각리 689-8 한라트리플708호,전화 상담,"카드 소지자 수업료 전액 무료
 전화 상담 후 시간 결정"
528,박나나,나나에이드,7546482886,충북 청주시 흥덕구 복대명 8790번지 8층,11:00~21:00,"카드 소지자, 소방관
 1인 1메뉴(전메뉴) 무상 제공"
529,박진용,응급실국물떡볶이(청주복대점),548 284 1191,충북 청주시 흥덕구 복대명 죽천로 888 807호,11:30~24:30,"카드 소지자 및 동반자 
 국물떡볶이 or 국물오뎅 무상제공"
530,진동호,카페드림,548 288 2126,충북 청주시 흥덕구 비하로9번길 88 8층,"평일 09:00~22:00
 주말및 공휴일 11:00~22:00","카드 소지자 본인 및 동반자2인
 1인당 1음료, 1디저트 제공"
531,정상진,피자쏘렌토(오송점),482845615,"충북 청주시 흥덕구 오송읍 오송생명로906
 백천빌딩7층","11:30~22:00
 연중무휴 
 (명절엔 휴무)","카드 소지자
 전메뉴 무상 제공"
532,진남훈,짬뽕지존 충주시청점,488515161,충북 충주시 으뜸로 78 8층,"10:00~22:00 매주 월요일 휴무
 라스트오더 21:30","카드 소지자+동반1인
 짬뽕, 짬짜면, 짜장, 볶음밥 무상 제공"
,,,,,,
,,,,,,
,,,,,,
532,,,,,,
,,,,,,
,,,,,,
,,,,,,
,,,,,,
,,,,,,
,,,,,,
,,,,,,
,,,,,,
,,,,,,
,,,,,,
,,,,,,
,,,,,,
,,,,,,
,,,,,,
,,,,,,
,,,,,,
,,,,,,
,,,,,,
,,,,,,
,,,,,,
,,,,,,
,,,,,,
,,,,,,
,,,,,,
,,,,,,
,,,,,,
,,,,,,
,,,,,,
,,,,,,
,,,,,,
,,,,,,
,,,,,,
,,,,,,
,,,,,,
,,,,,,
,,,,,,
,,,,,,
,,,,,,
,,,,,,
,,,,,,
,,,,,,
,,,,,,
,,,,,,
,,,,,,
,,,,,,
,,,,,,
,,,,,,
,,,,,,
,,,,,,
,,,,,,
,,,,,,
,,,,,,
,,,,,,
,,,,,,
,,,,,,
,,,,,,
,,,,,,
,,,,,,
,,,,,,
,,,,,,
,,,,,,
,,,,,,
,,,,,,
,,,,,,
,,,,,,
,,,,,,
,,,,,,
,,,,,,
,,,,,,
,,,,,,
,,,,,,
,,,,,,
,,,,,,
,,,,,,
,,,,,,
,,,,,,
,,,,,,
,,,,,,
,,,,,,
,,,,,,
,,,,,,
,,,,,,
,,,,,,
,,,,,,
,,,,,,
,,,,,,
,,,,,,
,,,,,,
,,,,,,
,,,,,,
,,,,,,
,,,,,,
,,,,,,
,,,,,,
,,,,,,
,,,,,,
,,,,,,
,,,,,,
,,,,,,
,,,,,,
,,,,,,
,,,,,,
,,,,,,
,,,,,,
,,,,,,
,,,,,,
,,,,,,
,,,,,,
,,,,,,
,,,,,,
,,,,,,
,,,,,,
,,,,,,
,,,,,,
,,,,,,
,,,,,,
,,,,,,
,,,,,,
,,,,,,
,,,,,,
,,,,,,
,,,,,,
,,,,,,
,,,,,,
,,,,,,
,,,,,,
,,,,,,
,,,,,,
,,,,,,
,,,,,,
,,,,,,
,,,,,,
,,,,,,
,,,,,,
,,,,,,
,,,,,,
,,,,,,
,,,,,,
,,,,,,
,,,,,,
,,,,,,
,,,,,,
,,,,,,
,,,,,,
,,,,,,
,,,,,,
,,,,,,
,,,,,,
,,,,,,
,,,,,,
,,,,,,
,,,,,,
,,,,,,
,,,,,,
,,,,,,
,,,,,,
,,,,,,
,,,,,,
,,,,,,
,,,,,,
,,,,,,
,,,,,,
,,,,,,
,,,,,,
,,,,,,
,,,,,,
,,,,,,
,,,,,,
,,,,,,
,,,,,,
,,,,,,
,,,,,,
,,,,,,
,,,,,,
,,,,,,
,,,,,,
,,,,,,
,,,,,,
,,,,,,
,,,,,,
,,,,,,
,,,,,,
,,,,,,
,,,,,,
,,,,,,
,,,,,,
,,,,,,
,,,,,,
,,,,,,
,,,,,,
,,,,,,
,,,,,,
,,,,,,
,,,,,,
,,,,,,
,,,,,,
,,,,,,
,,,,,,
,,,,,,
,,,,,,
,,,,,,
,,,,,,
,,,,,,
,,,,,,
,,,,,,
,,,,,,
,,,,,,
,,,,,,
,,,,,,
,,,,,,
,,,,,,
,,,,,,
,,,,,,
,,,,,,
,,,,,,
,,,,,,
,,,,,,
,,,,,,
,,,,,,
,,,,,,
,,,,,,
,,,,,,
,,,,,,
,,,,,,
,,,,,,
,,,,,,
,,,,,,
,,,,,,
,,,,,,
,,,,,,
,,,,,,
,,,,,,
,,,,,,
,,,,,,
,,,,,,
,,,,,,
,,,,,,
,,,,,,
,,,,,,
,,,,,,
,,,,,,
,,,,,,
,,,,,,
,,,,,,
,,,,,,
,,,,,,
,,,,,,
,,,,,,
,,,,,,
,,,,,,
,,,,,,
,,,,,,
,,,,,,
,,,,,,
,,,,,,
,,,,,,
,,,,,,
,,,,,,
,,,,,,
,,,,,,
,,,,,,
,,,,,,
,,,,,,
,,,,,,
,,,,,,
,,,,,,
,,,,,,
,,,,,,
,,,,,,
,,,,,,
,,,,,,
,,,,,,
,,,,,,
,,,,,,
,,,,,,
,,,,,,
,,,,,,
,,,,,,
,,,,,,
,,,,,,
,,,,,,
,,,,,,
,,,,,,
,,,,,,
,,,,,,
,,,,,,
,,,,,,
,,,,,,
,,,,,,
,,,,,,
,,,,,,
,,,,,,
,,,,,,
,,,,,,
,,,,,,
,,,,,,
,,,,,,
,,,,,,
,,,,,,
,,,,,,
,,,,,,
,,,,,,
,,,,,,
,,,,,,
,,,,,,
,,,,,,
,,,,,,
,,,,,,
,,,,,,
,,,,,,
,,,,,,
,,,,,,
,,,,,,
,,,,,,
,,,,,,
,,,,,,
,,,,,,
,,,,,,
,,,,,,
,,,,,,
,,,,,,
,,,,,,
,,,,,,
,,,,,,
,,,,,,
,,,,,,
,,,,,,
,,,,,,
,,,,,,
,,,,,,
,,,,,,
,,,,,,
,,,,,,
,,,,,,
,,,,,,
,,,,,,
,,,,,,
,,,,,,
,,,,,,
,,,,,,
,,,,,,
,,,,,,
,,,,,,
,,,,,,
,,,,,,
,,,,,,
,,,,,,
,,,,,,
,,,,,,
,,,,,,
,,,,,,
,,,,,,
,,,,,,
,,,,,,
,,,,,,
,,,,,,
,,,,,,
,,,,,,
,,,,,,
,,,,,,
,,,,,,
,,,,,,
,,,,,,
,,,,,,
,,,,,,
,,,,,,
,,,,,,
,,,,,,
,,,,,,
,,,,,,
,,,,,,
,,,,,,
,,,,,,
,,,,,,
,,,,,,
,,,,,,
,,,,,,
,,,,,,
,,,,,,
,,,,,,
,,,,,,
,,,,,,
,,,,,,
,,,,,,
,,,,,,
,,,,,,
,,,,,,
,,,,,,
,,,,,,
,,,,,,
,,,,,,
,,,,,,
,,,,,,
,,,,,,
,,,,,,
,,,,,,
,,,,,,
,,,,,,
,,,,,,
,,,,,,
,,,,,,
,,,,,,
,,,,,,
,,,,,,
,,,,,,
,,,,,,
,,,,,,
,,,,,,
,,,,,,
,,,,,,
,,,,,,
,,,,,,
,,,,,,
,,,,,,
,,,,,,
,,,,,,
,,,,,,
,,,,,,
,,,,,,
,,,,,,
,,,,,,
,,,,,,
,,,,,,
,,,,,,
,,,,,,
,,,,,,
,,,,,,
,,,,,,
,,,,,,
,,,,,,
,,,,,,
,,,,,,
,,,,,,
,,,,,,
,,,,,,
,,,,,,
,,,,,,
,,,,,,
,,,,,,
,,,,,,
,,,,,,
,,,,,,
,,,,,,
,,,,,,
,,,,,,
,,,,,,
,,,,,,
,,,,,,
,,,,,,
,,,,,,
,,,,,,
,,,,,,
,,,,,,
,,,,,,
,,,,,,
,,,,,,
,,,,,,
,,,,,,
,,,,,,
,,,,,,
,,,,,,
,,,,,,
